file,line,type,commit,author,date,time,timezone,datetime,depth,length
static\style.css,1,css,f6c61a87,Rodrigo Gallardo,2026-05-04,13:58:26,-04:00,2026-05-04T13:58:26-04:00,0,29
static\style.css,2,css,f6c61a87,Rodrigo Gallardo,2026-05-04,13:58:26,-04:00,2026-05-04T13:58:26-04:00,0,27
static\style.css,3,css,f6c61a87,Rodrigo Gallardo,2026-05-04,13:58:26,-04:00,2026-05-04T13:58:26-04:00,0,22
static\style.css,4,css,f6c61a87,Rodrigo Gallardo,2026-05-04,13:58:26,-04:00,2026-05-04T13:58:26-04:00,0,35
static\style.css,5,css,f6c61a87,Rodrigo Gallardo,2026-05-04,13:58:26,-04:00,2026-05-04T13:58:26-04:00,0,30
static\style.css,6,css,f6c61a87,Rodrigo Gallardo,2026-05-04,13:58:26,-04:00,2026-05-04T13:58:26-04:00,0,34
static\style.css,7,css,f6c61a87,Rodrigo Gallardo,2026-05-04,13:58:26,-04:00,2026-05-04T13:58:26-04:00,0,26
static\style.css,8,css,f6c61a87,Rodrigo Gallardo,2026-05-04,13:58:26,-04:00,2026-05-04T13:58:26-04:00,0,29
static\style.css,9,css,f6c61a87,Rodrigo Gallardo,2026-05-04,13:58:26,-04:00,2026-05-04T13:58:26-04:00,0,0
static\style.css,10,css,f6c61a87,Rodrigo Gallardo,2026-05-04,13:58:26,-04:00,2026-05-04T13:58:26-04:00,0,5
static\style.css,11,css,f6c61a87,Rodrigo Gallardo,2026-05-04,13:58:26,-04:00,2026-05-04T13:58:26-04:00,0,40
static\style.css,12,css,f6c61a87,Rodrigo Gallardo,2026-05-04,13:58:26,-04:00,2026-05-04T13:58:26-04:00,0,13
static\style.css,13,css,f6c61a87,Rodrigo Gallardo,2026-05-04,13:58:26,-04:00,2026-05-04T13:58:26-04:00,0,12
static\style.css,14,css,f6c61a87,Rodrigo Gallardo,2026-05-04,13:58:26,-04:00,2026-05-04T13:58:26-04:00,0,15
static\style.css,15,css,f6c61a87,Rodrigo Gallardo,2026-05-04,13:58:26,-04:00,2026-05-04T13:58:26-04:00,0,27
static\style.css,16,css,f6c61a87,Rodrigo Gallardo,2026-05-04,13:58:26,-04:00,2026-05-04T13:58:26-04:00,0,38
static\style.css,17,css,f6c61a87,Rodrigo Gallardo,2026-05-04,13:58:26,-04:00,2026-05-04T13:58:26-04:00,0,28
static\style.css,18,css,f6c61a87,Rodrigo Gallardo,2026-05-04,13:58:26,-04:00,2026-05-04T13:58:26-04:00,0,0
static\style.css,19,css,f6c61a87,Rodrigo Gallardo,2026-05-04,13:58:26,-04:00,2026-05-04T13:58:26-04:00,0,11
static\style.css,20,css,f6c61a87,Rodrigo Gallardo,2026-05-04,13:58:26,-04:00,2026-05-04T13:58:26-04:00,0,14
static\style.css,21,css,f6c61a87,Rodrigo Gallardo,2026-05-04,13:58:26,-04:00,2026-05-04T13:58:26-04:00,0,22
static\style.css,22,css,f6c61a87,Rodrigo Gallardo,2026-05-04,13:58:26,-04:00,2026-05-04T13:58:26-04:00,0,0
static\style.css,23,css,f6c61a87,Rodrigo Gallardo,2026-05-04,13:58:26,-04:00,2026-05-04T13:58:26-04:00,0,0
static\style.css,24,css,f6c61a87,Rodrigo Gallardo,2026-05-04,13:58:26,-04:00,2026-05-04T13:58:26-04:00,0,4
static\style.css,25,css,f6c61a87,Rodrigo Gallardo,2026-05-04,13:58:26,-04:00,2026-05-04T13:58:26-04:00,0,27
static\style.css,26,css,f6c61a87,Rodrigo Gallardo,2026-05-04,13:58:26,-04:00,2026-05-04T13:58:26-04:00,0,24
static\style.css,27,css,f6c61a87,Rodrigo Gallardo,2026-05-04,13:58:26,-04:00,2026-05-04T13:58:26-04:00,0,0
static\style.css,28,css,f6c61a87,Rodrigo Gallardo,2026-05-04,13:58:26,-04:00,2026-05-04T13:58:26-04:00,0,0
static\style.css,29,css,f6c61a87,Rodrigo Gallardo,2026-05-04,13:58:26,-04:00,2026-05-04T13:58:26-04:00,0,4
static\style.css,30,css,f6c61a87,Rodrigo Gallardo,2026-05-04,13:58:26,-04:00,2026-05-04T13:58:26-04:00,0,26
static\style.css,31,css,f6c61a87,Rodrigo Gallardo,2026-05-04,13:58:26,-04:00,2026-05-04T13:58:26-04:00,0,35
static\style.css,32,css,f6c61a87,Rodrigo Gallardo,2026-05-04,13:58:26,-04:00,2026-05-04T13:58:26-04:00,0,14
static\style.css,33,css,f6c61a87,Rodrigo Gallardo,2026-05-04,13:58:26,-04:00,2026-05-04T13:58:26-04:00,0,12
static\style.css,34,css,f6c61a87,Rodrigo Gallardo,2026-05-04,13:58:26,-04:00,2026-05-04T13:58:26-04:00,0,21
static\style.css,35,css,f6c61a87,Rodrigo Gallardo,2026-05-04,13:58:26,-04:00,2026-05-04T13:58:26-04:00,0,18
static\style.css,36,css,f6c61a87,Rodrigo Gallardo,2026-05-04,13:58:26,-04:00,2026-05-04T13:58:26-04:00,0,0
static\style.css,37,css,f6c61a87,Rodrigo Gallardo,2026-05-04,13:58:26,-04:00,2026-05-04T13:58:26-04:00,0,0
static\style.css,38,css,f6c61a87,Rodrigo Gallardo,2026-05-04,13:58:26,-04:00,2026-05-04T13:58:26-04:00,0,3
static\style.css,39,css,f6c61a87,Rodrigo Gallardo,2026-05-04,13:58:26,-04:00,2026-05-04T13:58:26-04:00,0,15
static\style.css,40,css,f6c61a87,Rodrigo Gallardo,2026-05-04,13:58:26,-04:00,2026-05-04T13:58:26-04:00,0,12
static\style.css,41,css,f6c61a87,Rodrigo Gallardo,2026-05-04,13:58:26,-04:00,2026-05-04T13:58:26-04:00,0,14
static\style.css,42,css,f6c61a87,Rodrigo Gallardo,2026-05-04,13:58:26,-04:00,2026-05-04T13:58:26-04:00,0,0
static\style.css,43,css,f6c61a87,Rodrigo Gallardo,2026-05-04,13:58:26,-04:00,2026-05-04T13:58:26-04:00,0,0
static\style.css,44,css,f6c61a87,Rodrigo Gallardo,2026-05-04,13:58:26,-04:00,2026-05-04T13:58:26-04:00,0,17
static\style.css,45,css,f6c61a87,Rodrigo Gallardo,2026-05-04,13:58:26,-04:00,2026-05-04T13:58:26-04:00,0,16
static\style.css,46,css,f6c61a87,Rodrigo Gallardo,2026-05-04,13:58:26,-04:00,2026-05-04T13:58:26-04:00,0,18
static\style.css,47,css,f6c61a87,Rodrigo Gallardo,2026-05-04,13:58:26,-04:00,2026-05-04T13:58:26-04:00,0,0
static\style.css,48,css,f6c61a87,Rodrigo Gallardo,2026-05-04,13:58:26,-04:00,2026-05-04T13:58:26-04:00,0,0
static\style.css,49,css,f6c61a87,Rodrigo Gallardo,2026-05-04,13:58:26,-04:00,2026-05-04T13:58:26-04:00,0,45
static\style.css,50,css,f6c61a87,Rodrigo Gallardo,2026-05-04,13:58:26,-04:00,2026-05-04T13:58:26-04:00,0,47
static\style.css,51,css,f6c61a87,Rodrigo Gallardo,2026-05-04,13:58:26,-04:00,2026-05-04T13:58:26-04:00,0,0
static\style.css,52,css,f6c61a87,Rodrigo Gallardo,2026-05-04,13:58:26,-04:00,2026-05-04T13:58:26-04:00,0,29
static\style.css,53,css,f6c61a87,Rodrigo Gallardo,2026-05-04,13:58:26,-04:00,2026-05-04T13:58:26-04:00,0,9
static\style.css,54,css,f6c61a87,Rodrigo Gallardo,2026-05-04,13:58:26,-04:00,2026-05-04T13:58:26-04:00,0,29
static\style.css,55,css,f6c61a87,Rodrigo Gallardo,2026-05-04,13:58:26,-04:00,2026-05-04T13:58:26-04:00,0,3
static\style.css,56,css,f6c61a87,Rodrigo Gallardo,2026-05-04,13:58:26,-04:00,2026-05-04T13:58:26-04:00,0,13
static\style.css,57,css,f6c61a87,Rodrigo Gallardo,2026-05-04,13:58:26,-04:00,2026-05-04T13:58:26-04:00,0,12
static\style.css,58,css,f6c61a87,Rodrigo Gallardo,2026-05-04,13:58:26,-04:00,2026-05-04T13:58:26-04:00,0,19
static\style.css,59,css,f6c61a87,Rodrigo Gallardo,2026-05-04,13:58:26,-04:00,2026-05-04T13:58:26-04:00,0,30
static\style.css,60,css,f6c61a87,Rodrigo Gallardo,2026-05-04,13:58:26,-04:00,2026-05-04T13:58:26-04:00,0,17
static\style.css,61,css,f6c61a87,Rodrigo Gallardo,2026-05-04,13:58:26,-04:00,2026-05-04T13:58:26-04:00,0,21
static\style.css,62,css,f6c61a87,Rodrigo Gallardo,2026-05-04,13:58:26,-04:00,2026-05-04T13:58:26-04:00,0,23
static\style.css,63,css,f6c61a87,Rodrigo Gallardo,2026-05-04,13:58:26,-04:00,2026-05-04T13:58:26-04:00,0,42
static\style.css,64,css,f6c61a87,Rodrigo Gallardo,2026-05-04,13:58:26,-04:00,2026-05-04T13:58:26-04:00,0,0
static\style.css,65,css,f6c61a87,Rodrigo Gallardo,2026-05-04,13:58:26,-04:00,2026-05-04T13:58:26-04:00,0,0
static\style.css,66,css,f6c61a87,Rodrigo Gallardo,2026-05-04,13:58:26,-04:00,2026-05-04T13:58:26-04:00,0,5
static\style.css,67,css,f6c61a87,Rodrigo Gallardo,2026-05-04,13:58:26,-04:00,2026-05-04T13:58:26-04:00,0,7
static\style.css,68,css,f6c61a87,Rodrigo Gallardo,2026-05-04,13:58:26,-04:00,2026-05-04T13:58:26-04:00,0,18
static\style.css,69,css,f6c61a87,Rodrigo Gallardo,2026-05-04,13:58:26,-04:00,2026-05-04T13:58:26-04:00,0,21
static\style.css,70,css,f6c61a87,Rodrigo Gallardo,2026-05-04,13:58:26,-04:00,2026-05-04T13:58:26-04:00,0,14
static\style.css,71,css,f6c61a87,Rodrigo Gallardo,2026-05-04,13:58:26,-04:00,2026-05-04T13:58:26-04:00,0,20
static\style.css,72,css,f6c61a87,Rodrigo Gallardo,2026-05-04,13:58:26,-04:00,2026-05-04T13:58:26-04:00,0,39
static\style.css,73,css,f6c61a87,Rodrigo Gallardo,2026-05-04,13:58:26,-04:00,2026-05-04T13:58:26-04:00,0,62
static\style.css,74,css,f6c61a87,Rodrigo Gallardo,2026-05-04,13:58:26,-04:00,2026-05-04T13:58:26-04:00,0,30
static\style.css,75,css,f6c61a87,Rodrigo Gallardo,2026-05-04,13:58:26,-04:00,2026-05-04T13:58:26-04:00,0,0
static\style.css,76,css,f6c61a87,Rodrigo Gallardo,2026-05-04,13:58:26,-04:00,2026-05-04T13:58:26-04:00,0,0
static\style.css,77,css,f6c61a87,Rodrigo Gallardo,2026-05-04,13:58:26,-04:00,2026-05-04T13:58:26-04:00,0,11
static\style.css,78,css,f6c61a87,Rodrigo Gallardo,2026-05-04,13:58:26,-04:00,2026-05-04T13:58:26-04:00,0,34
static\style.css,79,css,f6c61a87,Rodrigo Gallardo,2026-05-04,13:58:26,-04:00,2026-05-04T13:58:26-04:00,0,64
static\style.css,80,css,f6c61a87,Rodrigo Gallardo,2026-05-04,13:58:26,-04:00,2026-05-04T13:58:26-04:00,0,0
static\style.css,81,css,f6c61a87,Rodrigo Gallardo,2026-05-04,13:58:26,-04:00,2026-05-04T13:58:26-04:00,0,0
static\style.css,82,css,f6c61a87,Rodrigo Gallardo,2026-05-04,13:58:26,-04:00,2026-05-04T13:58:26-04:00,0,13
static\style.css,83,css,f6c61a87,Rodrigo Gallardo,2026-05-04,13:58:26,-04:00,2026-05-04T13:58:26-04:00,0,21
static\style.css,84,css,f6c61a87,Rodrigo Gallardo,2026-05-04,13:58:26,-04:00,2026-05-04T13:58:26-04:00,0,38
static\style.css,85,css,f6c61a87,Rodrigo Gallardo,2026-05-04,13:58:26,-04:00,2026-05-04T13:58:26-04:00,0,16
static\style.css,86,css,f6c61a87,Rodrigo Gallardo,2026-05-04,13:58:26,-04:00,2026-05-04T13:58:26-04:00,0,0
static\style.css,87,css,f6c61a87,Rodrigo Gallardo,2026-05-04,13:58:26,-04:00,2026-05-04T13:58:26-04:00,0,0
static\style.css,88,css,f6c61a87,Rodrigo Gallardo,2026-05-04,13:58:26,-04:00,2026-05-04T13:58:26-04:00,0,29
static\style.css,89,css,f6c61a87,Rodrigo Gallardo,2026-05-04,13:58:26,-04:00,2026-05-04T13:58:26-04:00,0,25
static\style.css,90,css,f6c61a87,Rodrigo Gallardo,2026-05-04,13:58:26,-04:00,2026-05-04T13:58:26-04:00,0,29
static\style.css,91,css,f6c61a87,Rodrigo Gallardo,2026-05-04,13:58:26,-04:00,2026-05-04T13:58:26-04:00,0,12
static\style.css,92,css,f6c61a87,Rodrigo Gallardo,2026-05-04,13:58:26,-04:00,2026-05-04T13:58:26-04:00,0,11
static\style.css,93,css,f6c61a87,Rodrigo Gallardo,2026-05-04,13:58:26,-04:00,2026-05-04T13:58:26-04:00,0,16
static\style.css,94,css,f6c61a87,Rodrigo Gallardo,2026-05-04,13:58:26,-04:00,2026-05-04T13:58:26-04:00,0,21
static\style.css,95,css,f6c61a87,Rodrigo Gallardo,2026-05-04,13:58:26,-04:00,2026-05-04T13:58:26-04:00,0,18
static\style.css,96,css,f6c61a87,Rodrigo Gallardo,2026-05-04,13:58:26,-04:00,2026-05-04T13:58:26-04:00,0,0
static\style.css,97,css,f6c61a87,Rodrigo Gallardo,2026-05-04,13:58:26,-04:00,2026-05-04T13:58:26-04:00,0,0
static\style.css,98,css,f6c61a87,Rodrigo Gallardo,2026-05-04,13:58:26,-04:00,2026-05-04T13:58:26-04:00,0,14
static\style.css,99,css,f6c61a87,Rodrigo Gallardo,2026-05-04,13:58:26,-04:00,2026-05-04T13:58:26-04:00,0,18
static\style.css,100,css,f6c61a87,Rodrigo Gallardo,2026-05-04,13:58:26,-04:00,2026-05-04T13:58:26-04:00,0,18
static\style.css,101,css,f6c61a87,Rodrigo Gallardo,2026-05-04,13:58:26,-04:00,2026-05-04T13:58:26-04:00,0,15
static\style.css,102,css,f6c61a87,Rodrigo Gallardo,2026-05-04,13:58:26,-04:00,2026-05-04T13:58:26-04:00,0,0
static\style.css,103,css,f6c61a87,Rodrigo Gallardo,2026-05-04,13:58:26,-04:00,2026-05-04T13:58:26-04:00,0,0
static\style.css,104,css,f6c61a87,Rodrigo Gallardo,2026-05-04,13:58:26,-04:00,2026-05-04T13:58:26-04:00,0,16
static\style.css,105,css,f6c61a87,Rodrigo Gallardo,2026-05-04,13:58:26,-04:00,2026-05-04T13:58:26-04:00,0,11
static\style.css,106,css,f6c61a87,Rodrigo Gallardo,2026-05-04,13:58:26,-04:00,2026-05-04T13:58:26-04:00,0,21
static\style.css,107,css,f6c61a87,Rodrigo Gallardo,2026-05-04,13:58:26,-04:00,2026-05-04T13:58:26-04:00,0,39
static\style.css,108,css,f6c61a87,Rodrigo Gallardo,2026-05-04,13:58:26,-04:00,2026-05-04T13:58:26-04:00,0,0
static\style.css,109,css,f6c61a87,Rodrigo Gallardo,2026-05-04,13:58:26,-04:00,2026-05-04T13:58:26-04:00,0,0
static\style.css,110,css,f6c61a87,Rodrigo Gallardo,2026-05-04,13:58:26,-04:00,2026-05-04T13:58:26-04:00,0,29
static\style.css,111,css,f6c61a87,Rodrigo Gallardo,2026-05-04,13:58:26,-04:00,2026-05-04T13:58:26-04:00,0,11
static\style.css,112,css,f6c61a87,Rodrigo Gallardo,2026-05-04,13:58:26,-04:00,2026-05-04T13:58:26-04:00,0,29
static\style.css,113,css,f6c61a87,Rodrigo Gallardo,2026-05-04,13:58:26,-04:00,2026-05-04T13:58:26-04:00,0,5
static\style.css,114,css,f6c61a87,Rodrigo Gallardo,2026-05-04,13:58:26,-04:00,2026-05-04T13:58:26-04:00,0,23
static\style.css,115,css,f6c61a87,Rodrigo Gallardo,2026-05-04,13:58:26,-04:00,2026-05-04T13:58:26-04:00,0,34
static\style.css,116,css,f6c61a87,Rodrigo Gallardo,2026-05-04,13:58:26,-04:00,2026-05-04T13:58:26-04:00,0,21
static\style.css,117,css,f6c61a87,Rodrigo Gallardo,2026-05-04,13:58:26,-04:00,2026-05-04T13:58:26-04:00,0,39
static\style.css,118,css,f6c61a87,Rodrigo Gallardo,2026-05-04,13:58:26,-04:00,2026-05-04T13:58:26-04:00,0,0
static\style.css,119,css,f6c61a87,Rodrigo Gallardo,2026-05-04,13:58:26,-04:00,2026-05-04T13:58:26-04:00,0,0
static\style.css,120,css,f6c61a87,Rodrigo Gallardo,2026-05-04,13:58:26,-04:00,2026-05-04T13:58:26-04:00,0,29
static\style.css,121,css,f6c61a87,Rodrigo Gallardo,2026-05-04,13:58:26,-04:00,2026-05-04T13:58:26-04:00,0,11
static\style.css,122,css,f6c61a87,Rodrigo Gallardo,2026-05-04,13:58:26,-04:00,2026-05-04T13:58:26-04:00,0,29
static\style.css,123,css,f6c61a87,Rodrigo Gallardo,2026-05-04,13:58:26,-04:00,2026-05-04T13:58:26-04:00,0,13
static\style.css,124,css,f6c61a87,Rodrigo Gallardo,2026-05-04,13:58:26,-04:00,2026-05-04T13:58:26-04:00,0,16
static\style.css,125,css,f6c61a87,Rodrigo Gallardo,2026-05-04,13:58:26,-04:00,2026-05-04T13:58:26-04:00,0,14
static\style.css,126,css,f6c61a87,Rodrigo Gallardo,2026-05-04,13:58:26,-04:00,2026-05-04T13:58:26-04:00,0,12
static\style.css,127,css,f6c61a87,Rodrigo Gallardo,2026-05-04,13:58:26,-04:00,2026-05-04T13:58:26-04:00,0,23
static\style.css,128,css,f6c61a87,Rodrigo Gallardo,2026-05-04,13:58:26,-04:00,2026-05-04T13:58:26-04:00,0,21
static\style.css,129,css,f6c61a87,Rodrigo Gallardo,2026-05-04,13:58:26,-04:00,2026-05-04T13:58:26-04:00,0,39
static\style.css,130,css,f6c61a87,Rodrigo Gallardo,2026-05-04,13:58:26,-04:00,2026-05-04T13:58:26-04:00,0,34
static\style.css,131,css,f6c61a87,Rodrigo Gallardo,2026-05-04,13:58:26,-04:00,2026-05-04T13:58:26-04:00,0,0
static\style.css,132,css,f6c61a87,Rodrigo Gallardo,2026-05-04,13:58:26,-04:00,2026-05-04T13:58:26-04:00,0,0
static\style.css,133,css,f6c61a87,Rodrigo Gallardo,2026-05-04,13:58:26,-04:00,2026-05-04T13:58:26-04:00,0,18
static\style.css,134,css,f6c61a87,Rodrigo Gallardo,2026-05-04,13:58:26,-04:00,2026-05-04T13:58:26-04:00,0,13
static\style.css,135,css,f6c61a87,Rodrigo Gallardo,2026-05-04,13:58:26,-04:00,2026-05-04T13:58:26-04:00,0,31
static\style.css,136,css,f6c61a87,Rodrigo Gallardo,2026-05-04,13:58:26,-04:00,2026-05-04T13:58:26-04:00,0,8
static\style.css,137,css,f6c61a87,Rodrigo Gallardo,2026-05-04,13:58:26,-04:00,2026-05-04T13:58:26-04:00,0,19
static\style.css,138,css,f6c61a87,Rodrigo Gallardo,2026-05-04,13:58:26,-04:00,2026-05-04T13:58:26-04:00,0,0
static\style.css,139,css,f6c61a87,Rodrigo Gallardo,2026-05-04,13:58:26,-04:00,2026-05-04T13:58:26-04:00,0,0
static\style.css,140,css,f6c61a87,Rodrigo Gallardo,2026-05-04,13:58:26,-04:00,2026-05-04T13:58:26-04:00,0,19
static\style.css,141,css,f6c61a87,Rodrigo Gallardo,2026-05-04,13:58:26,-04:00,2026-05-04T13:58:26-04:00,0,17
static\style.css,142,css,f6c61a87,Rodrigo Gallardo,2026-05-04,13:58:26,-04:00,2026-05-04T13:58:26-04:00,0,20
static\style.css,143,css,f6c61a87,Rodrigo Gallardo,2026-05-04,13:58:26,-04:00,2026-05-04T13:58:26-04:00,0,16
static\style.css,144,css,f6c61a87,Rodrigo Gallardo,2026-05-04,13:58:26,-04:00,2026-05-04T13:58:26-04:00,0,0
static\style.css,145,css,f6c61a87,Rodrigo Gallardo,2026-05-04,13:58:26,-04:00,2026-05-04T13:58:26-04:00,0,0
static\style.css,146,css,f6c61a87,Rodrigo Gallardo,2026-05-04,13:58:26,-04:00,2026-05-04T13:58:26-04:00,0,19
static\style.css,147,css,f6c61a87,Rodrigo Gallardo,2026-05-04,13:58:26,-04:00,2026-05-04T13:58:26-04:00,0,22
static\style.css,148,css,f6c61a87,Rodrigo Gallardo,2026-05-04,13:58:26,-04:00,2026-05-04T13:58:26-04:00,0,20
static\style.css,149,css,f6c61a87,Rodrigo Gallardo,2026-05-04,13:58:26,-04:00,2026-05-04T13:58:26-04:00,0,13
static\style.css,150,css,f6c61a87,Rodrigo Gallardo,2026-05-04,13:58:26,-04:00,2026-05-04T13:58:26-04:00,0,0
static\style.css,151,css,f6c61a87,Rodrigo Gallardo,2026-05-04,13:58:26,-04:00,2026-05-04T13:58:26-04:00,0,0
static\style.css,152,css,f6c61a87,Rodrigo Gallardo,2026-05-04,13:58:26,-04:00,2026-05-04T13:58:26-04:00,0,19
static\style.css,153,css,f6c61a87,Rodrigo Gallardo,2026-05-04,13:58:26,-04:00,2026-05-04T13:58:26-04:00,0,22
static\style.css,154,css,f6c61a87,Rodrigo Gallardo,2026-05-04,13:58:26,-04:00,2026-05-04T13:58:26-04:00,0,11
static\style.css,155,css,f6c61a87,Rodrigo Gallardo,2026-05-04,13:58:26,-04:00,2026-05-04T13:58:26-04:00,0,22
static\style.css,156,css,f6c61a87,Rodrigo Gallardo,2026-05-04,13:58:26,-04:00,2026-05-04T13:58:26-04:00,0,14
static\style.css,157,css,f6c61a87,Rodrigo Gallardo,2026-05-04,13:58:26,-04:00,2026-05-04T13:58:26-04:00,0,31
static\style.css,158,css,f6c61a87,Rodrigo Gallardo,2026-05-04,13:58:26,-04:00,2026-05-04T13:58:26-04:00,0,20
static\style.css,159,css,f6c61a87,Rodrigo Gallardo,2026-05-04,13:58:26,-04:00,2026-05-04T13:58:26-04:00,0,50
static\style.css,160,css,f6c61a87,Rodrigo Gallardo,2026-05-04,13:58:26,-04:00,2026-05-04T13:58:26-04:00,0,0
static\style.css,161,css,f6c61a87,Rodrigo Gallardo,2026-05-04,13:58:26,-04:00,2026-05-04T13:58:26-04:00,0,0
static\style.css,162,css,f6c61a87,Rodrigo Gallardo,2026-05-04,13:58:26,-04:00,2026-05-04T13:58:26-04:00,0,33
static\style.css,163,css,f6c61a87,Rodrigo Gallardo,2026-05-04,13:58:26,-04:00,2026-05-04T13:58:26-04:00,0,32
static\style.css,164,css,f6c61a87,Rodrigo Gallardo,2026-05-04,13:58:26,-04:00,2026-05-04T13:58:26-04:00,0,14
static\style.css,165,css,f6c61a87,Rodrigo Gallardo,2026-05-04,13:58:26,-04:00,2026-05-04T13:58:26-04:00,0,0
static\style.css,166,css,f6c61a87,Rodrigo Gallardo,2026-05-04,13:58:26,-04:00,2026-05-04T13:58:26-04:00,0,0
static\style.css,167,css,f6c61a87,Rodrigo Gallardo,2026-05-04,13:58:26,-04:00,2026-05-04T13:58:26-04:00,0,22
static\style.css,168,css,f6c61a87,Rodrigo Gallardo,2026-05-04,13:58:26,-04:00,2026-05-04T13:58:26-04:00,0,16
static\style.css,169,css,f6c61a87,Rodrigo Gallardo,2026-05-04,13:58:26,-04:00,2026-05-04T13:58:26-04:00,0,16
static\style.css,170,css,f6c61a87,Rodrigo Gallardo,2026-05-04,13:58:26,-04:00,2026-05-04T13:58:26-04:00,0,0
static\style.css,171,css,f6c61a87,Rodrigo Gallardo,2026-05-04,13:58:26,-04:00,2026-05-04T13:58:26-04:00,0,0
static\style.css,172,css,f6c61a87,Rodrigo Gallardo,2026-05-04,13:58:26,-04:00,2026-05-04T13:58:26-04:00,0,20
static\style.css,173,css,f6c61a87,Rodrigo Gallardo,2026-05-04,13:58:26,-04:00,2026-05-04T13:58:26-04:00,0,19
static\style.css,174,css,f6c61a87,Rodrigo Gallardo,2026-05-04,13:58:26,-04:00,2026-05-04T13:58:26-04:00,0,11
static\style.css,175,css,f6c61a87,Rodrigo Gallardo,2026-05-04,13:58:26,-04:00,2026-05-04T13:58:26-04:00,0,19
static\style.css,176,css,f6c61a87,Rodrigo Gallardo,2026-05-04,13:58:26,-04:00,2026-05-04T13:58:26-04:00,0,12
static\style.css,177,css,f6c61a87,Rodrigo Gallardo,2026-05-04,13:58:26,-04:00,2026-05-04T13:58:26-04:00,0,21
static\style.css,178,css,f6c61a87,Rodrigo Gallardo,2026-05-04,13:58:26,-04:00,2026-05-04T13:58:26-04:00,0,22
static\style.css,179,css,f6c61a87,Rodrigo Gallardo,2026-05-04,13:58:26,-04:00,2026-05-04T13:58:26-04:00,0,12
static\style.css,180,css,f6c61a87,Rodrigo Gallardo,2026-05-04,13:58:26,-04:00,2026-05-04T13:58:26-04:00,0,16
static\style.css,181,css,f6c61a87,Rodrigo Gallardo,2026-05-04,13:58:26,-04:00,2026-05-04T13:58:26-04:00,0,17
static\style.css,182,css,f6c61a87,Rodrigo Gallardo,2026-05-04,13:58:26,-04:00,2026-05-04T13:58:26-04:00,0,15
static\style.css,183,css,f6c61a87,Rodrigo Gallardo,2026-05-04,13:58:26,-04:00,2026-05-04T13:58:26-04:00,0,51
static\style.css,184,css,f6c61a87,Rodrigo Gallardo,2026-05-04,13:58:26,-04:00,2026-05-04T13:58:26-04:00,0,0
static\style.css,185,css,f6c61a87,Rodrigo Gallardo,2026-05-04,13:58:26,-04:00,2026-05-04T13:58:26-04:00,0,0
static\style.css,186,css,f6c61a87,Rodrigo Gallardo,2026-05-04,13:58:26,-04:00,2026-05-04T13:58:26-04:00,0,58
static\style.css,187,css,f6c61a87,Rodrigo Gallardo,2026-05-04,13:58:26,-04:00,2026-05-04T13:58:26-04:00,0,57
static\style.css,188,css,f6c61a87,Rodrigo Gallardo,2026-05-04,13:58:26,-04:00,2026-05-04T13:58:26-04:00,0,0
static\style.css,189,css,f6c61a87,Rodrigo Gallardo,2026-05-04,13:58:26,-04:00,2026-05-04T13:58:26-04:00,0,29
static\style.css,190,css,f6c61a87,Rodrigo Gallardo,2026-05-04,13:58:26,-04:00,2026-05-04T13:58:26-04:00,0,12
static\style.css,191,css,f6c61a87,Rodrigo Gallardo,2026-05-04,13:58:26,-04:00,2026-05-04T13:58:26-04:00,0,29
static\style.css,192,css,f6c61a87,Rodrigo Gallardo,2026-05-04,13:58:26,-04:00,2026-05-04T13:58:26-04:00,0,9
static\style.css,193,css,f6c61a87,Rodrigo Gallardo,2026-05-04,13:58:26,-04:00,2026-05-04T13:58:26-04:00,0,13
static\style.css,194,css,f6c61a87,Rodrigo Gallardo,2026-05-04,13:58:26,-04:00,2026-05-04T13:58:26-04:00,0,59
static\style.css,195,css,f6c61a87,Rodrigo Gallardo,2026-05-04,13:58:26,-04:00,2026-05-04T13:58:26-04:00,0,11
static\style.css,196,css,f6c61a87,Rodrigo Gallardo,2026-05-04,13:58:26,-04:00,2026-05-04T13:58:26-04:00,0,17
static\style.css,197,css,f6c61a87,Rodrigo Gallardo,2026-05-04,13:58:26,-04:00,2026-05-04T13:58:26-04:00,0,0
static\style.css,198,css,f6c61a87,Rodrigo Gallardo,2026-05-04,13:58:26,-04:00,2026-05-04T13:58:26-04:00,0,0
static\style.css,199,css,f6c61a87,Rodrigo Gallardo,2026-05-04,13:58:26,-04:00,2026-05-04T13:58:26-04:00,0,17
static\style.css,200,css,f6c61a87,Rodrigo Gallardo,2026-05-04,13:58:26,-04:00,2026-05-04T13:58:26-04:00,0,13
static\style.css,201,css,f6c61a87,Rodrigo Gallardo,2026-05-04,13:58:26,-04:00,2026-05-04T13:58:26-04:00,0,27
static\style.css,202,css,f6c61a87,Rodrigo Gallardo,2026-05-04,13:58:26,-04:00,2026-05-04T13:58:26-04:00,0,16
static\style.css,203,css,f6c61a87,Rodrigo Gallardo,2026-05-04,13:58:26,-04:00,2026-05-04T13:58:26-04:00,0,23
static\style.css,204,css,f6c61a87,Rodrigo Gallardo,2026-05-04,13:58:26,-04:00,2026-05-04T13:58:26-04:00,0,21
static\style.css,205,css,f6c61a87,Rodrigo Gallardo,2026-05-04,13:58:26,-04:00,2026-05-04T13:58:26-04:00,0,39
static\style.css,206,css,f6c61a87,Rodrigo Gallardo,2026-05-04,13:58:26,-04:00,2026-05-04T13:58:26-04:00,0,34
static\style.css,207,css,f6c61a87,Rodrigo Gallardo,2026-05-04,13:58:26,-04:00,2026-05-04T13:58:26-04:00,0,18
static\style.css,208,css,f6c61a87,Rodrigo Gallardo,2026-05-04,13:58:26,-04:00,2026-05-04T13:58:26-04:00,0,15
static\style.css,209,css,f6c61a87,Rodrigo Gallardo,2026-05-04,13:58:26,-04:00,2026-05-04T13:58:26-04:00,0,31
static\style.css,210,css,f6c61a87,Rodrigo Gallardo,2026-05-04,13:58:26,-04:00,2026-05-04T13:58:26-04:00,0,0
static\style.css,211,css,f6c61a87,Rodrigo Gallardo,2026-05-04,13:58:26,-04:00,2026-05-04T13:58:26-04:00,0,0
static\style.css,212,css,f6c61a87,Rodrigo Gallardo,2026-05-04,13:58:26,-04:00,2026-05-04T13:58:26-04:00,0,49
static\style.css,213,css,f6c61a87,Rodrigo Gallardo,2026-05-04,13:58:26,-04:00,2026-05-04T13:58:26-04:00,0,0
static\style.css,214,css,f6c61a87,Rodrigo Gallardo,2026-05-04,13:58:26,-04:00,2026-05-04T13:58:26-04:00,0,12
static\style.css,215,css,f6c61a87,Rodrigo Gallardo,2026-05-04,13:58:26,-04:00,2026-05-04T13:58:26-04:00,0,17
static\style.css,216,css,f6c61a87,Rodrigo Gallardo,2026-05-04,13:58:26,-04:00,2026-05-04T13:58:26-04:00,0,17
static\style.css,217,css,f6c61a87,Rodrigo Gallardo,2026-05-04,13:58:26,-04:00,2026-05-04T13:58:26-04:00,0,0
static\style.css,218,css,f6c61a87,Rodrigo Gallardo,2026-05-04,13:58:26,-04:00,2026-05-04T13:58:26-04:00,0,0
static\style.css,219,css,f6c61a87,Rodrigo Gallardo,2026-05-04,13:58:26,-04:00,2026-05-04T13:58:26-04:00,0,11
static\style.css,220,css,f6c61a87,Rodrigo Gallardo,2026-05-04,13:58:26,-04:00,2026-05-04T13:58:26-04:00,0,9
static\style.css,221,css,f6c61a87,Rodrigo Gallardo,2026-05-04,13:58:26,-04:00,2026-05-04T13:58:26-04:00,0,16
static\style.css,222,css,f6c61a87,Rodrigo Gallardo,2026-05-04,13:58:26,-04:00,2026-05-04T13:58:26-04:00,0,0
static\style.css,223,css,f6c61a87,Rodrigo Gallardo,2026-05-04,13:58:26,-04:00,2026-05-04T13:58:26-04:00,0,0
static\style.css,224,css,f6c61a87,Rodrigo Gallardo,2026-05-04,13:58:26,-04:00,2026-05-04T13:58:26-04:00,0,21
static\style.css,225,css,f6c61a87,Rodrigo Gallardo,2026-05-04,13:58:26,-04:00,2026-05-04T13:58:26-04:00,0,11
static\style.css,226,css,f6c61a87,Rodrigo Gallardo,2026-05-04,13:58:26,-04:00,2026-05-04T13:58:26-04:00,0,20
static\style.css,227,css,f6c61a87,Rodrigo Gallardo,2026-05-04,13:58:26,-04:00,2026-05-04T13:58:26-04:00,0,17
static\style.css,228,css,f6c61a87,Rodrigo Gallardo,2026-05-04,13:58:26,-04:00,2026-05-04T13:58:26-04:00,0,13
static\style.css,229,css,f6c61a87,Rodrigo Gallardo,2026-05-04,13:58:26,-04:00,2026-05-04T13:58:26-04:00,0,0
static\style.css,230,css,f6c61a87,Rodrigo Gallardo,2026-05-04,13:58:26,-04:00,2026-05-04T13:58:26-04:00,0,0
static\style.css,231,css,f6c61a87,Rodrigo Gallardo,2026-05-04,13:58:26,-04:00,2026-05-04T13:58:26-04:00,0,19
static\style.css,232,css,f6c61a87,Rodrigo Gallardo,2026-05-04,13:58:26,-04:00,2026-05-04T13:58:26-04:00,0,21
static\style.css,233,css,f6c61a87,Rodrigo Gallardo,2026-05-04,13:58:26,-04:00,2026-05-04T13:58:26-04:00,0,18
static\style.css,234,css,f6c61a87,Rodrigo Gallardo,2026-05-04,13:58:26,-04:00,2026-05-04T13:58:26-04:00,0,20
static\style.css,235,css,f6c61a87,Rodrigo Gallardo,2026-05-04,13:58:26,-04:00,2026-05-04T13:58:26-04:00,0,21
static\style.css,236,css,f6c61a87,Rodrigo Gallardo,2026-05-04,13:58:26,-04:00,2026-05-04T13:58:26-04:00,0,16
static\style.css,237,css,f6c61a87,Rodrigo Gallardo,2026-05-04,13:58:26,-04:00,2026-05-04T13:58:26-04:00,0,0
static\style.css,238,css,f6c61a87,Rodrigo Gallardo,2026-05-04,13:58:26,-04:00,2026-05-04T13:58:26-04:00,0,0
static\style.css,239,css,f6c61a87,Rodrigo Gallardo,2026-05-04,13:58:26,-04:00,2026-05-04T13:58:26-04:00,0,25
static\style.css,240,css,f6c61a87,Rodrigo Gallardo,2026-05-04,13:58:26,-04:00,2026-05-04T13:58:26-04:00,0,26
static\style.css,241,css,f6c61a87,Rodrigo Gallardo,2026-05-04,13:58:26,-04:00,2026-05-04T13:58:26-04:00,0,0
static\style.css,242,css,f6c61a87,Rodrigo Gallardo,2026-05-04,13:58:26,-04:00,2026-05-04T13:58:26-04:00,0,0
static\style.css,243,css,f6c61a87,Rodrigo Gallardo,2026-05-04,13:58:26,-04:00,2026-05-04T13:58:26-04:00,0,29
static\style.css,244,css,f6c61a87,Rodrigo Gallardo,2026-05-04,13:58:26,-04:00,2026-05-04T13:58:26-04:00,0,5
static\style.css,245,css,f6c61a87,Rodrigo Gallardo,2026-05-04,13:58:26,-04:00,2026-05-04T13:58:26-04:00,0,29
static\style.css,246,css,f6c61a87,Rodrigo Gallardo,2026-05-04,13:58:26,-04:00,2026-05-04T13:58:26-04:00,0,15
static\style.css,247,css,f6c61a87,Rodrigo Gallardo,2026-05-04,13:58:26,-04:00,2026-05-04T13:58:26-04:00,0,38
static\style.css,248,css,f6c61a87,Rodrigo Gallardo,2026-05-04,13:58:26,-04:00,2026-05-04T13:58:26-04:00,0,21
static\style.css,249,css,f6c61a87,Rodrigo Gallardo,2026-05-04,13:58:26,-04:00,2026-05-04T13:58:26-04:00,0,20
static\style.css,250,css,f6c61a87,Rodrigo Gallardo,2026-05-04,13:58:26,-04:00,2026-05-04T13:58:26-04:00,0,0
static\style.css,251,css,f6c61a87,Rodrigo Gallardo,2026-05-04,13:58:26,-04:00,2026-05-04T13:58:26-04:00,0,0
static\style.css,252,css,f6c61a87,Rodrigo Gallardo,2026-05-04,13:58:26,-04:00,2026-05-04T13:58:26-04:00,0,10
static\style.css,253,css,f6c61a87,Rodrigo Gallardo,2026-05-04,13:58:26,-04:00,2026-05-04T13:58:26-04:00,0,20
static\style.css,254,css,f6c61a87,Rodrigo Gallardo,2026-05-04,13:58:26,-04:00,2026-05-04T13:58:26-04:00,0,0
static\style.css,255,css,f6c61a87,Rodrigo Gallardo,2026-05-04,13:58:26,-04:00,2026-05-04T13:58:26-04:00,0,0
static\style.css,256,css,f6c61a87,Rodrigo Gallardo,2026-05-04,13:58:26,-04:00,2026-05-04T13:58:26-04:00,0,15
static\style.css,257,css,f6c61a87,Rodrigo Gallardo,2026-05-04,13:58:26,-04:00,2026-05-04T13:58:26-04:00,0,21
static\style.css,258,css,f6c61a87,Rodrigo Gallardo,2026-05-04,13:58:26,-04:00,2026-05-04T13:58:26-04:00,0,0
static\style.css,259,css,f6c61a87,Rodrigo Gallardo,2026-05-04,13:58:26,-04:00,2026-05-04T13:58:26-04:00,0,0
static\style.css,260,css,f6c61a87,Rodrigo Gallardo,2026-05-04,13:58:26,-04:00,2026-05-04T13:58:26-04:00,0,10
static\style.css,261,css,f6c61a87,Rodrigo Gallardo,2026-05-04,13:58:26,-04:00,2026-05-04T13:58:26-04:00,0,19
static\style.css,262,css,f6c61a87,Rodrigo Gallardo,2026-05-04,13:58:26,-04:00,2026-05-04T13:58:26-04:00,0,0
static\style.css,263,css,f6c61a87,Rodrigo Gallardo,2026-05-04,13:58:26,-04:00,2026-05-04T13:58:26-04:00,0,0
static\style.css,264,css,f6c61a87,Rodrigo Gallardo,2026-05-04,13:58:26,-04:00,2026-05-04T13:58:26-04:00,0,29
static\style.css,265,css,f6c61a87,Rodrigo Gallardo,2026-05-04,13:58:26,-04:00,2026-05-04T13:58:26-04:00,0,15
static\style.css,266,css,f6c61a87,Rodrigo Gallardo,2026-05-04,13:58:26,-04:00,2026-05-04T13:58:26-04:00,0,29
static\style.css,267,css,f6c61a87,Rodrigo Gallardo,2026-05-04,13:58:26,-04:00,2026-05-04T13:58:26-04:00,0,35
static\style.css,268,css,f6c61a87,Rodrigo Gallardo,2026-05-04,13:58:26,-04:00,2026-05-04T13:58:26-04:00,0,5
static\style.css,269,css,f6c61a87,Rodrigo Gallardo,2026-05-04,13:58:26,-04:00,2026-05-04T13:58:26-04:00,0,13
static\style.css,270,css,f6c61a87,Rodrigo Gallardo,2026-05-04,13:58:26,-04:00,2026-05-04T13:58:26-04:00,0,15
static\style.css,271,css,f6c61a87,Rodrigo Gallardo,2026-05-04,13:58:26,-04:00,2026-05-04T13:58:26-04:00,0,15
static\style.css,272,css,f6c61a87,Rodrigo Gallardo,2026-05-04,13:58:26,-04:00,2026-05-04T13:58:26-04:00,0,32
static\style.css,273,css,f6c61a87,Rodrigo Gallardo,2026-05-04,13:58:26,-04:00,2026-05-04T13:58:26-04:00,0,36
static\style.css,274,css,f6c61a87,Rodrigo Gallardo,2026-05-04,13:58:26,-04:00,2026-05-04T13:58:26-04:00,0,0
static\style.css,275,css,f6c61a87,Rodrigo Gallardo,2026-05-04,13:58:26,-04:00,2026-05-04T13:58:26-04:00,0,0
static\style.css,276,css,f6c61a87,Rodrigo Gallardo,2026-05-04,13:58:26,-04:00,2026-05-04T13:58:26-04:00,0,11
static\style.css,277,css,f6c61a87,Rodrigo Gallardo,2026-05-04,13:58:26,-04:00,2026-05-04T13:58:26-04:00,0,63
static\style.css,278,css,f6c61a87,Rodrigo Gallardo,2026-05-04,13:58:26,-04:00,2026-05-04T13:58:26-04:00,0,0
static\style.css,279,css,f6c61a87,Rodrigo Gallardo,2026-05-04,13:58:26,-04:00,2026-05-04T13:58:26-04:00,0,0
static\style.css,280,css,f6c61a87,Rodrigo Gallardo,2026-05-04,13:58:26,-04:00,2026-05-04T13:58:26-04:00,0,13
static\style.css,281,css,f6c61a87,Rodrigo Gallardo,2026-05-04,13:58:26,-04:00,2026-05-04T13:58:26-04:00,0,17
static\style.css,282,css,f6c61a87,Rodrigo Gallardo,2026-05-04,13:58:26,-04:00,2026-05-04T13:58:26-04:00,0,36
static\style.css,283,css,f6c61a87,Rodrigo Gallardo,2026-05-04,13:58:26,-04:00,2026-05-04T13:58:26-04:00,0,0
static\style.css,284,css,f6c61a87,Rodrigo Gallardo,2026-05-04,13:58:26,-04:00,2026-05-04T13:58:26-04:00,0,0
static\style.css,285,css,f6c61a87,Rodrigo Gallardo,2026-05-04,13:58:26,-04:00,2026-05-04T13:58:26-04:00,0,0
static\style.css,286,css,f6c61a87,Rodrigo Gallardo,2026-05-04,13:58:26,-04:00,2026-05-04T13:58:26-04:00,0,29
static\style.css,287,css,f6c61a87,Rodrigo Gallardo,2026-05-04,13:58:26,-04:00,2026-05-04T13:58:26-04:00,0,35
static\style.css,288,css,f6c61a87,Rodrigo Gallardo,2026-05-04,13:58:26,-04:00,2026-05-04T13:58:26-04:00,0,29
static\style.css,289,css,f6c61a87,Rodrigo Gallardo,2026-05-04,13:58:26,-04:00,2026-05-04T13:58:26-04:00,0,25
static\style.css,290,css,f6c61a87,Rodrigo Gallardo,2026-05-04,13:58:26,-04:00,2026-05-04T13:58:26-04:00,0,23
static\style.css,291,css,f6c61a87,Rodrigo Gallardo,2026-05-04,13:58:26,-04:00,2026-05-04T13:58:26-04:00,0,0
static\style.css,292,css,f6c61a87,Rodrigo Gallardo,2026-05-04,13:58:26,-04:00,2026-05-04T13:58:26-04:00,0,23
static\style.css,293,css,f6c61a87,Rodrigo Gallardo,2026-05-04,13:58:26,-04:00,2026-05-04T13:58:26-04:00,0,0
static\style.css,294,css,f6c61a87,Rodrigo Gallardo,2026-05-04,13:58:26,-04:00,2026-05-04T13:58:26-04:00,0,3
static\style.css,295,css,f6c61a87,Rodrigo Gallardo,2026-05-04,13:58:26,-04:00,2026-05-04T13:58:26-04:00,0,11
static\style.css,296,css,f6c61a87,Rodrigo Gallardo,2026-05-04,13:58:26,-04:00,2026-05-04T13:58:26-04:00,0,0
static\style.css,297,css,f6c61a87,Rodrigo Gallardo,2026-05-04,13:58:26,-04:00,2026-05-04T13:58:26-04:00,0,0
static\style.css,298,css,f6c61a87,Rodrigo Gallardo,2026-05-04,13:58:26,-04:00,2026-05-04T13:58:26-04:00,0,5
static\style.css,299,css,f6c61a87,Rodrigo Gallardo,2026-05-04,13:58:26,-04:00,2026-05-04T13:58:26-04:00,0,22
static\style.css,300,css,f6c61a87,Rodrigo Gallardo,2026-05-04,13:58:26,-04:00,2026-05-04T13:58:26-04:00,0,0
static\style.css,301,css,f6c61a87,Rodrigo Gallardo,2026-05-04,13:58:26,-04:00,2026-05-04T13:58:26-04:00,0,0
static\style.css,302,css,f6c61a87,Rodrigo Gallardo,2026-05-04,13:58:26,-04:00,2026-05-04T13:58:26-04:00,0,18
static\style.css,303,css,f6c61a87,Rodrigo Gallardo,2026-05-04,13:58:26,-04:00,2026-05-04T13:58:26-04:00,0,26
static\style.css,304,css,f6c61a87,Rodrigo Gallardo,2026-05-04,13:58:26,-04:00,2026-05-04T13:58:26-04:00,0,0
static\style.css,305,css,f6c61a87,Rodrigo Gallardo,2026-05-04,13:58:26,-04:00,2026-05-04T13:58:26-04:00,0,0
static\style.css,306,css,f6c61a87,Rodrigo Gallardo,2026-05-04,13:58:26,-04:00,2026-05-04T13:58:26-04:00,0,19
static\style.css,307,css,f6c61a87,Rodrigo Gallardo,2026-05-04,13:58:26,-04:00,2026-05-04T13:58:26-04:00,0,16
static\style.css,308,css,f6c61a87,Rodrigo Gallardo,2026-05-04,13:58:26,-04:00,2026-05-04T13:58:26-04:00,0,16
static\style.css,309,css,f6c61a87,Rodrigo Gallardo,2026-05-04,13:58:26,-04:00,2026-05-04T13:58:26-04:00,0,0
static\style.css,310,css,f6c61a87,Rodrigo Gallardo,2026-05-04,13:58:26,-04:00,2026-05-04T13:58:26-04:00,0,0
static\projects\pset4.html,1,html,caf9423f,Rodrigo Gallardo,2026-05-06,19:49:35,-04:00,2026-05-06T19:49:35-04:00,0,14
static\projects\pset4.html,2,html,caf9423f,Rodrigo Gallardo,2026-05-06,19:49:35,-04:00,2026-05-06T19:49:35-04:00,0,15
static\projects\pset4.html,3,html,caf9423f,Rodrigo Gallardo,2026-05-06,19:49:35,-04:00,2026-05-06T19:49:35-04:00,0,5
static\projects\pset4.html,4,html,caf9423f,Rodrigo Gallardo,2026-05-06,19:49:35,-04:00,2026-05-06T19:49:35-04:00,0,23
static\projects\pset4.html,5,html,caf9423f,Rodrigo Gallardo,2026-05-06,19:49:35,-04:00,2026-05-06T19:49:35-04:00,0,40
static\projects\pset4.html,6,html,caf9423f,Rodrigo Gallardo,2026-05-06,19:49:35,-04:00,2026-05-06T19:49:35-04:00,0,84
static\projects\pset4.html,7,html,caf9423f,Rodrigo Gallardo,2026-05-06,19:49:35,-04:00,2026-05-06T19:49:35-04:00,0,0
static\projects\pset4.html,8,html,caf9423f,Rodrigo Gallardo,2026-05-06,19:49:35,-04:00,2026-05-06T19:49:35-04:00,0,6
static\projects\pset4.html,9,html,caf9423f,Rodrigo Gallardo,2026-05-06,19:49:35,-04:00,2026-05-06T19:49:35-04:00,0,11
static\projects\pset4.html,10,html,caf9423f,Rodrigo Gallardo,2026-05-06,19:49:35,-04:00,2026-05-06T19:49:35-04:00,0,15
static\projects\pset4.html,11,html,caf9423f,Rodrigo Gallardo,2026-05-06,19:49:35,-04:00,2026-05-06T19:49:35-04:00,0,12
static\projects\pset4.html,12,html,caf9423f,Rodrigo Gallardo,2026-05-06,19:49:35,-04:00,2026-05-06T19:49:35-04:00,0,14
static\projects\pset4.html,13,html,caf9423f,Rodrigo Gallardo,2026-05-06,19:49:35,-04:00,2026-05-06T19:49:35-04:00,0,0
static\projects\pset4.html,14,html,caf9423f,Rodrigo Gallardo,2026-05-06,19:49:35,-04:00,2026-05-06T19:49:35-04:00,0,0
static\projects\pset4.html,15,html,caf9423f,Rodrigo Gallardo,2026-05-06,19:49:35,-04:00,2026-05-06T19:49:35-04:00,0,48
static\projects\pset4.html,16,html,caf9423f,Rodrigo Gallardo,2026-05-06,19:49:35,-04:00,2026-05-06T19:49:35-04:00,0,12
static\projects\pset4.html,17,html,caf9423f,Rodrigo Gallardo,2026-05-06,19:49:35,-04:00,2026-05-06T19:49:35-04:00,0,14
static\projects\pset4.html,18,html,caf9423f,Rodrigo Gallardo,2026-05-06,19:49:35,-04:00,2026-05-06T19:49:35-04:00,0,17
static\projects\pset4.html,19,html,caf9423f,Rodrigo Gallardo,2026-05-06,19:49:35,-04:00,2026-05-06T19:49:35-04:00,0,0
static\projects\pset4.html,20,html,caf9423f,Rodrigo Gallardo,2026-05-06,19:49:35,-04:00,2026-05-06T19:49:35-04:00,0,31
static\projects\pset4.html,21,html,caf9423f,Rodrigo Gallardo,2026-05-06,19:49:35,-04:00,2026-05-06T19:49:35-04:00,0,0
static\projects\pset4.html,22,html,caf9423f,Rodrigo Gallardo,2026-05-06,19:49:35,-04:00,2026-05-06T19:49:35-04:00,0,28
static\projects\pset4.html,23,html,caf9423f,Rodrigo Gallardo,2026-05-06,19:49:35,-04:00,2026-05-06T19:49:35-04:00,0,13
static\projects\pset4.html,24,html,caf9423f,Rodrigo Gallardo,2026-05-06,19:49:35,-04:00,2026-05-06T19:49:35-04:00,0,14
static\projects\pset4.html,25,html,caf9423f,Rodrigo Gallardo,2026-05-06,19:49:35,-04:00,2026-05-06T19:49:35-04:00,0,17
static\projects\pset4.html,26,html,caf9423f,Rodrigo Gallardo,2026-05-06,19:49:35,-04:00,2026-05-06T19:49:35-04:00,0,0
static\projects\pset4.html,27,html,caf9423f,Rodrigo Gallardo,2026-05-06,19:49:35,-04:00,2026-05-06T19:49:35-04:00,0,32
static\projects\pset4.html,28,html,caf9423f,Rodrigo Gallardo,2026-05-06,19:49:35,-04:00,2026-05-06T19:49:35-04:00,0,0
static\projects\pset4.html,29,html,caf9423f,Rodrigo Gallardo,2026-05-06,19:49:35,-04:00,2026-05-06T19:49:35-04:00,0,41
static\projects\pset4.html,30,html,caf9423f,Rodrigo Gallardo,2026-05-06,19:49:35,-04:00,2026-05-06T19:49:35-04:00,0,0
static\projects\pset4.html,31,html,caf9423f,Rodrigo Gallardo,2026-05-06,19:49:35,-04:00,2026-05-06T19:49:35-04:00,0,18
static\projects\pset4.html,32,html,caf9423f,Rodrigo Gallardo,2026-05-06,19:49:35,-04:00,2026-05-06T19:49:35-04:00,0,6
static\projects\pset4.html,33,html,caf9423f,Rodrigo Gallardo,2026-05-06,19:49:35,-04:00,2026-05-06T19:49:35-04:00,0,21
static\projects\pset4.html,34,html,caf9423f,Rodrigo Gallardo,2026-05-06,19:49:35,-04:00,2026-05-06T19:49:35-04:00,0,27
static\projects\pset4.html,35,html,caf9423f,Rodrigo Gallardo,2026-05-06,19:49:35,-04:00,2026-05-06T19:49:35-04:00,0,19
static\projects\pset4.html,36,html,caf9423f,Rodrigo Gallardo,2026-05-06,19:49:35,-04:00,2026-05-06T19:49:35-04:00,0,0
static\projects\pset4.html,37,html,caf9423f,Rodrigo Gallardo,2026-05-06,19:49:35,-04:00,2026-05-06T19:49:35-04:00,0,0
static\projects\pset4.html,38,html,caf9423f,Rodrigo Gallardo,2026-05-06,19:49:35,-04:00,2026-05-06T19:49:35-04:00,0,36
static\projects\pset4.html,39,html,caf9423f,Rodrigo Gallardo,2026-05-06,19:49:35,-04:00,2026-05-06T19:49:35-04:00,0,0
static\projects\pset4.html,40,html,caf9423f,Rodrigo Gallardo,2026-05-06,19:49:35,-04:00,2026-05-06T19:49:35-04:00,0,6
static\projects\pset4.html,41,html,caf9423f,Rodrigo Gallardo,2026-05-06,19:49:35,-04:00,2026-05-06T19:49:35-04:00,0,13
static\projects\pset4.html,42,html,caf9423f,Rodrigo Gallardo,2026-05-06,19:49:35,-04:00,2026-05-06T19:49:35-04:00,0,26
static\projects\pset4.html,43,html,caf9423f,Rodrigo Gallardo,2026-05-06,19:49:35,-04:00,2026-05-06T19:49:35-04:00,0,9
static\projects\pset4.html,44,html,caf9423f,Rodrigo Gallardo,2026-05-06,19:49:35,-04:00,2026-05-06T19:49:35-04:00,0,0
static\projects\pset4.html,45,html,caf9423f,Rodrigo Gallardo,2026-05-06,19:49:35,-04:00,2026-05-06T19:49:35-04:00,0,0
static\projects\pset4.html,46,html,caf9423f,Rodrigo Gallardo,2026-05-06,19:49:35,-04:00,2026-05-06T19:49:35-04:00,0,26
static\projects\pset4.html,47,html,caf9423f,Rodrigo Gallardo,2026-05-06,19:49:35,-04:00,2026-05-06T19:49:35-04:00,0,10
static\projects\pset4.html,48,html,caf9423f,Rodrigo Gallardo,2026-05-06,19:49:35,-04:00,2026-05-06T19:49:35-04:00,0,30
static\projects\pset4.html,49,html,caf9423f,Rodrigo Gallardo,2026-05-06,19:49:35,-04:00,2026-05-06T19:49:35-04:00,0,18
static\projects\pset4.html,50,html,caf9423f,Rodrigo Gallardo,2026-05-06,19:49:35,-04:00,2026-05-06T19:49:35-04:00,0,0
static\projects\pset4.html,51,html,caf9423f,Rodrigo Gallardo,2026-05-06,19:49:35,-04:00,2026-05-06T19:49:35-04:00,0,0
static\projects\pset4.html,52,html,caf9423f,Rodrigo Gallardo,2026-05-06,19:49:35,-04:00,2026-05-06T19:49:35-04:00,0,0
static\projects\pset4.html,53,html,caf9423f,Rodrigo Gallardo,2026-05-06,19:49:35,-04:00,2026-05-06T19:49:35-04:00,0,44
static\projects\pset4.html,54,html,caf9423f,Rodrigo Gallardo,2026-05-06,19:49:35,-04:00,2026-05-06T19:49:35-04:00,0,7
static\projects\pset4.html,55,html,caf9423f,Rodrigo Gallardo,2026-05-06,19:49:35,-04:00,2026-05-06T19:49:35-04:00,0,21
static\projects\pset4.html,56,html,caf9423f,Rodrigo Gallardo,2026-05-06,19:49:35,-04:00,2026-05-06T19:49:35-04:00,0,22
static\projects\pset4.html,57,html,caf9423f,Rodrigo Gallardo,2026-05-06,19:49:35,-04:00,2026-05-06T19:49:35-04:00,0,22
static\projects\pset4.html,58,html,caf9423f,Rodrigo Gallardo,2026-05-06,19:49:35,-04:00,2026-05-06T19:49:35-04:00,0,20
static\projects\pset4.html,59,html,caf9423f,Rodrigo Gallardo,2026-05-06,19:49:35,-04:00,2026-05-06T19:49:35-04:00,0,16
static\projects\pset4.html,60,html,caf9423f,Rodrigo Gallardo,2026-05-06,19:49:35,-04:00,2026-05-06T19:49:35-04:00,0,19
static\projects\pset4.html,61,html,caf9423f,Rodrigo Gallardo,2026-05-06,19:49:35,-04:00,2026-05-06T19:49:35-04:00,0,19
static\projects\pset4.html,62,html,caf9423f,Rodrigo Gallardo,2026-05-06,19:49:35,-04:00,2026-05-06T19:49:35-04:00,0,0
static\projects\pset4.html,63,html,caf9423f,Rodrigo Gallardo,2026-05-06,19:49:35,-04:00,2026-05-06T19:49:35-04:00,0,0
static\projects\pset4.html,64,html,caf9423f,Rodrigo Gallardo,2026-05-06,19:49:35,-04:00,2026-05-06T19:49:35-04:00,0,30
static\projects\pset4.html,65,html,caf9423f,Rodrigo Gallardo,2026-05-06,19:49:35,-04:00,2026-05-06T19:49:35-04:00,0,10
static\projects\pset4.html,66,html,caf9423f,Rodrigo Gallardo,2026-05-06,19:49:35,-04:00,2026-05-06T19:49:35-04:00,0,21
static\projects\pset4.html,67,html,caf9423f,Rodrigo Gallardo,2026-05-06,19:49:35,-04:00,2026-05-06T19:49:35-04:00,0,19
static\projects\pset4.html,68,html,caf9423f,Rodrigo Gallardo,2026-05-06,19:49:35,-04:00,2026-05-06T19:49:35-04:00,0,25
static\projects\pset4.html,69,html,caf9423f,Rodrigo Gallardo,2026-05-06,19:49:35,-04:00,2026-05-06T19:49:35-04:00,0,18
static\projects\pset4.html,70,html,caf9423f,Rodrigo Gallardo,2026-05-06,19:49:35,-04:00,2026-05-06T19:49:35-04:00,0,17
static\projects\pset4.html,71,html,caf9423f,Rodrigo Gallardo,2026-05-06,19:49:35,-04:00,2026-05-06T19:49:35-04:00,0,0
static\projects\pset4.html,72,html,caf9423f,Rodrigo Gallardo,2026-05-06,19:49:35,-04:00,2026-05-06T19:49:35-04:00,0,0
static\projects\pset4.html,73,html,caf9423f,Rodrigo Gallardo,2026-05-06,19:49:35,-04:00,2026-05-06T19:49:35-04:00,0,13
static\projects\pset4.html,74,html,caf9423f,Rodrigo Gallardo,2026-05-06,19:49:35,-04:00,2026-05-06T19:49:35-04:00,0,21
static\projects\pset4.html,75,html,caf9423f,Rodrigo Gallardo,2026-05-06,19:49:35,-04:00,2026-05-06T19:49:35-04:00,0,0
static\projects\pset4.html,76,html,caf9423f,Rodrigo Gallardo,2026-05-06,19:49:35,-04:00,2026-05-06T19:49:35-04:00,0,7
static\projects\pset4.html,77,html,caf9423f,Rodrigo Gallardo,2026-05-06,19:49:35,-04:00,2026-05-06T19:49:35-04:00,0,6
static\projects\pset4.html,78,html,caf9423f,Rodrigo Gallardo,2026-05-06,19:49:35,-04:00,2026-05-06T19:49:35-04:00,0,0
static\projects\pset4.html,79,html,caf9423f,Rodrigo Gallardo,2026-05-06,19:49:35,-04:00,2026-05-06T19:49:35-04:00,0,5
static\projects\pset4.html,80,html,caf9423f,Rodrigo Gallardo,2026-05-06,19:49:35,-04:00,2026-05-06T19:49:35-04:00,0,7
static\projects\pset4.html,81,html,caf9423f,Rodrigo Gallardo,2026-05-06,19:49:35,-04:00,2026-05-06T19:49:35-04:00,0,3
static\projects\pset4.html,82,html,caf9423f,Rodrigo Gallardo,2026-05-06,19:49:35,-04:00,2026-05-06T19:49:35-04:00,0,26
static\projects\pset4.html,83,html,caf9423f,Rodrigo Gallardo,2026-05-06,19:49:35,-04:00,2026-05-06T19:49:35-04:00,0,37
static\projects\pset4.html,84,html,caf9423f,Rodrigo Gallardo,2026-05-06,19:49:35,-04:00,2026-05-06T19:49:35-04:00,0,4
static\projects\pset4.html,85,html,caf9423f,Rodrigo Gallardo,2026-05-06,19:49:35,-04:00,2026-05-06T19:49:35-04:00,0,0
static\projects\pset4.html,86,html,caf9423f,Rodrigo Gallardo,2026-05-06,19:49:35,-04:00,2026-05-06T19:49:35-04:00,0,2
static\projects\pset4.html,87,html,caf9423f,Rodrigo Gallardo,2026-05-06,19:49:35,-04:00,2026-05-06T19:49:35-04:00,0,60
static\projects\pset4.html,88,html,caf9423f,Rodrigo Gallardo,2026-05-06,19:49:35,-04:00,2026-05-06T19:49:35-04:00,0,3
static\projects\pset4.html,89,html,caf9423f,Rodrigo Gallardo,2026-05-06,19:49:35,-04:00,2026-05-06T19:49:35-04:00,0,8
static\projects\pset4.html,90,html,caf9423f,Rodrigo Gallardo,2026-05-06,19:49:35,-04:00,2026-05-06T19:49:35-04:00,0,0
static\projects\pset4.html,91,html,caf9423f,Rodrigo Gallardo,2026-05-06,19:49:35,-04:00,2026-05-06T19:49:35-04:00,0,5
static\projects\pset4.html,92,html,caf9423f,Rodrigo Gallardo,2026-05-06,19:49:35,-04:00,2026-05-06T19:49:35-04:00,0,29
static\projects\pset4.html,93,html,caf9423f,Rodrigo Gallardo,2026-05-06,19:49:35,-04:00,2026-05-06T19:49:35-04:00,0,29
static\projects\pset4.html,94,html,caf9423f,Rodrigo Gallardo,2026-05-06,19:49:35,-04:00,2026-05-06T19:49:35-04:00,0,29
static\projects\pset4.html,95,html,caf9423f,Rodrigo Gallardo,2026-05-06,19:49:35,-04:00,2026-05-06T19:49:35-04:00,0,8
static\projects\pset4.html,96,html,caf9423f,Rodrigo Gallardo,2026-05-06,19:49:35,-04:00,2026-05-06T19:49:35-04:00,0,30
static\projects\pset4.html,97,html,caf9423f,Rodrigo Gallardo,2026-05-06,19:49:35,-04:00,2026-05-06T19:49:35-04:00,0,0
static\projects\pset4.html,98,html,caf9423f,Rodrigo Gallardo,2026-05-06,19:49:35,-04:00,2026-05-06T19:49:35-04:00,0,2
static\projects\pset4.html,99,html,caf9423f,Rodrigo Gallardo,2026-05-06,19:49:35,-04:00,2026-05-06T19:49:35-04:00,0,103
static\projects\pset4.html,100,html,caf9423f,Rodrigo Gallardo,2026-05-06,19:49:35,-04:00,2026-05-06T19:49:35-04:00,0,101
static\projects\pset4.html,101,html,caf9423f,Rodrigo Gallardo,2026-05-06,19:49:35,-04:00,2026-05-06T19:49:35-04:00,0,64
static\projects\pset4.html,102,html,caf9423f,Rodrigo Gallardo,2026-05-06,19:49:35,-04:00,2026-05-06T19:49:35-04:00,0,3
static\projects\pset4.html,103,html,caf9423f,Rodrigo Gallardo,2026-05-06,19:49:35,-04:00,2026-05-06T19:49:35-04:00,0,0
static\projects\pset4.html,104,html,caf9423f,Rodrigo Gallardo,2026-05-06,19:49:35,-04:00,2026-05-06T19:49:35-04:00,0,15
static\projects\pset4.html,105,html,caf9423f,Rodrigo Gallardo,2026-05-06,19:49:35,-04:00,2026-05-06T19:49:35-04:00,0,112
static\projects\pset4.html,106,html,caf9423f,Rodrigo Gallardo,2026-05-06,19:49:35,-04:00,2026-05-06T19:49:35-04:00,0,90
static\projects\pset4.html,107,html,caf9423f,Rodrigo Gallardo,2026-05-06,19:49:35,-04:00,2026-05-06T19:49:35-04:00,0,108
static\projects\pset4.html,108,html,caf9423f,Rodrigo Gallardo,2026-05-06,19:49:35,-04:00,2026-05-06T19:49:35-04:00,0,3
static\projects\pset4.html,109,html,caf9423f,Rodrigo Gallardo,2026-05-06,19:49:35,-04:00,2026-05-06T19:49:35-04:00,0,9
static\projects\pset4.html,110,html,caf9423f,Rodrigo Gallardo,2026-05-06,19:49:35,-04:00,2026-05-06T19:49:35-04:00,0,0
static\projects\pset4.html,111,html,caf9423f,Rodrigo Gallardo,2026-05-06,19:49:35,-04:00,2026-05-06T19:49:35-04:00,0,29
static\projects\pset4.html,112,html,caf9423f,Rodrigo Gallardo,2026-05-06,19:49:35,-04:00,2026-05-06T19:49:35-04:00,0,29
static\projects\pset4.html,113,html,caf9423f,Rodrigo Gallardo,2026-05-06,19:49:35,-04:00,2026-05-06T19:49:35-04:00,0,29
static\projects\pset4.html,114,html,caf9423f,Rodrigo Gallardo,2026-05-06,19:49:35,-04:00,2026-05-06T19:49:35-04:00,0,8
static\projects\pset4.html,115,html,caf9423f,Rodrigo Gallardo,2026-05-06,19:49:35,-04:00,2026-05-06T19:49:35-04:00,0,31
static\projects\pset4.html,116,html,caf9423f,Rodrigo Gallardo,2026-05-06,19:49:35,-04:00,2026-05-06T19:49:35-04:00,0,0
static\projects\pset4.html,117,html,caf9423f,Rodrigo Gallardo,2026-05-06,19:49:35,-04:00,2026-05-06T19:49:35-04:00,0,2
static\projects\pset4.html,118,html,caf9423f,Rodrigo Gallardo,2026-05-06,19:49:35,-04:00,2026-05-06T19:49:35-04:00,0,92
static\projects\pset4.html,119,html,caf9423f,Rodrigo Gallardo,2026-05-06,19:49:35,-04:00,2026-05-06T19:49:35-04:00,0,104
static\projects\pset4.html,120,html,caf9423f,Rodrigo Gallardo,2026-05-06,19:49:35,-04:00,2026-05-06T19:49:35-04:00,0,116
static\projects\pset4.html,121,html,caf9423f,Rodrigo Gallardo,2026-05-06,19:49:35,-04:00,2026-05-06T19:49:35-04:00,0,53
static\projects\pset4.html,122,html,caf9423f,Rodrigo Gallardo,2026-05-06,19:49:35,-04:00,2026-05-06T19:49:35-04:00,0,3
static\projects\pset4.html,123,html,caf9423f,Rodrigo Gallardo,2026-05-06,19:49:35,-04:00,2026-05-06T19:49:35-04:00,0,0
static\projects\pset4.html,124,html,caf9423f,Rodrigo Gallardo,2026-05-06,19:49:35,-04:00,2026-05-06T19:49:35-04:00,0,17
static\projects\pset4.html,125,html,caf9423f,Rodrigo Gallardo,2026-05-06,19:49:35,-04:00,2026-05-06T19:49:35-04:00,0,86
static\projects\pset4.html,126,html,caf9423f,Rodrigo Gallardo,2026-05-06,19:49:35,-04:00,2026-05-06T19:49:35-04:00,0,102
static\projects\pset4.html,127,html,caf9423f,Rodrigo Gallardo,2026-05-06,19:49:35,-04:00,2026-05-06T19:49:35-04:00,0,94
static\projects\pset4.html,128,html,caf9423f,Rodrigo Gallardo,2026-05-06,19:49:35,-04:00,2026-05-06T19:49:35-04:00,0,4
static\projects\pset4.html,129,html,caf9423f,Rodrigo Gallardo,2026-05-06,19:49:35,-04:00,2026-05-06T19:49:35-04:00,0,9
static\projects\pset4.html,130,html,caf9423f,Rodrigo Gallardo,2026-05-06,19:49:35,-04:00,2026-05-06T19:49:35-04:00,0,0
static\projects\pset4.html,131,html,caf9423f,Rodrigo Gallardo,2026-05-06,19:49:35,-04:00,2026-05-06T19:49:35-04:00,0,29
static\projects\pset4.html,132,html,caf9423f,Rodrigo Gallardo,2026-05-06,19:49:35,-04:00,2026-05-06T19:49:35-04:00,0,29
static\projects\pset4.html,133,html,caf9423f,Rodrigo Gallardo,2026-05-06,19:49:35,-04:00,2026-05-06T19:49:35-04:00,0,29
static\projects\pset4.html,134,html,caf9423f,Rodrigo Gallardo,2026-05-06,19:49:35,-04:00,2026-05-06T19:49:35-04:00,0,8
static\projects\pset4.html,135,html,caf9423f,Rodrigo Gallardo,2026-05-06,19:49:35,-04:00,2026-05-06T19:49:35-04:00,0,22
static\projects\pset4.html,136,html,caf9423f,Rodrigo Gallardo,2026-05-06,19:49:35,-04:00,2026-05-06T19:49:35-04:00,0,0
static\projects\pset4.html,137,html,caf9423f,Rodrigo Gallardo,2026-05-06,19:49:35,-04:00,2026-05-06T19:49:35-04:00,0,2
static\projects\pset4.html,138,html,caf9423f,Rodrigo Gallardo,2026-05-06,19:49:35,-04:00,2026-05-06T19:49:35-04:00,0,28
static\projects\pset4.html,139,html,caf9423f,Rodrigo Gallardo,2026-05-06,19:49:35,-04:00,2026-05-06T19:49:35-04:00,0,51
static\projects\pset4.html,140,html,caf9423f,Rodrigo Gallardo,2026-05-06,19:49:35,-04:00,2026-05-06T19:49:35-04:00,0,3
static\projects\pset4.html,141,html,caf9423f,Rodrigo Gallardo,2026-05-06,19:49:35,-04:00,2026-05-06T19:49:35-04:00,0,0
static\projects\pset4.html,142,html,caf9423f,Rodrigo Gallardo,2026-05-06,19:49:35,-04:00,2026-05-06T19:49:35-04:00,0,15
static\projects\pset4.html,143,html,caf9423f,Rodrigo Gallardo,2026-05-06,19:49:35,-04:00,2026-05-06T19:49:35-04:00,0,103
static\projects\pset4.html,144,html,caf9423f,Rodrigo Gallardo,2026-05-06,19:49:35,-04:00,2026-05-06T19:49:35-04:00,0,77
static\projects\pset4.html,145,html,caf9423f,Rodrigo Gallardo,2026-05-06,19:49:35,-04:00,2026-05-06T19:49:35-04:00,0,3
static\projects\pset4.html,146,html,caf9423f,Rodrigo Gallardo,2026-05-06,19:49:35,-04:00,2026-05-06T19:49:35-04:00,0,9
static\projects\pset4.html,147,html,caf9423f,Rodrigo Gallardo,2026-05-06,19:49:35,-04:00,2026-05-06T19:49:35-04:00,0,0
static\projects\pset4.html,148,html,caf9423f,Rodrigo Gallardo,2026-05-06,19:49:35,-04:00,2026-05-06T19:49:35-04:00,0,29
static\projects\pset4.html,149,html,caf9423f,Rodrigo Gallardo,2026-05-06,19:49:35,-04:00,2026-05-06T19:49:35-04:00,0,29
static\projects\pset4.html,150,html,caf9423f,Rodrigo Gallardo,2026-05-06,19:49:35,-04:00,2026-05-06T19:49:35-04:00,0,29
static\projects\pset4.html,151,html,caf9423f,Rodrigo Gallardo,2026-05-06,19:49:35,-04:00,2026-05-06T19:49:35-04:00,0,8
static\projects\pset4.html,152,html,caf9423f,Rodrigo Gallardo,2026-05-06,19:49:35,-04:00,2026-05-06T19:49:35-04:00,0,23
static\projects\pset4.html,153,html,caf9423f,Rodrigo Gallardo,2026-05-06,19:49:35,-04:00,2026-05-06T19:49:35-04:00,0,0
static\projects\pset4.html,154,html,caf9423f,Rodrigo Gallardo,2026-05-06,19:49:35,-04:00,2026-05-06T19:49:35-04:00,0,2
static\projects\pset4.html,155,html,caf9423f,Rodrigo Gallardo,2026-05-06,19:49:35,-04:00,2026-05-06T19:49:35-04:00,0,80
static\projects\pset4.html,156,html,caf9423f,Rodrigo Gallardo,2026-05-06,19:49:35,-04:00,2026-05-06T19:49:35-04:00,0,80
static\projects\pset4.html,157,html,caf9423f,Rodrigo Gallardo,2026-05-06,19:49:35,-04:00,2026-05-06T19:49:35-04:00,0,76
static\projects\pset4.html,158,html,caf9423f,Rodrigo Gallardo,2026-05-06,19:49:35,-04:00,2026-05-06T19:49:35-04:00,0,56
static\projects\pset4.html,159,html,caf9423f,Rodrigo Gallardo,2026-05-06,19:49:35,-04:00,2026-05-06T19:49:35-04:00,0,3
static\projects\pset4.html,160,html,caf9423f,Rodrigo Gallardo,2026-05-06,19:49:35,-04:00,2026-05-06T19:49:35-04:00,0,0
static\projects\pset4.html,161,html,caf9423f,Rodrigo Gallardo,2026-05-06,19:49:35,-04:00,2026-05-06T19:49:35-04:00,0,2
static\projects\pset4.html,162,html,caf9423f,Rodrigo Gallardo,2026-05-06,19:49:35,-04:00,2026-05-06T19:49:35-04:00,0,65
static\projects\pset4.html,163,html,caf9423f,Rodrigo Gallardo,2026-05-06,19:49:35,-04:00,2026-05-06T19:49:35-04:00,0,77
static\projects\pset4.html,164,html,caf9423f,Rodrigo Gallardo,2026-05-06,19:49:35,-04:00,2026-05-06T19:49:35-04:00,0,76
static\projects\pset4.html,165,html,caf9423f,Rodrigo Gallardo,2026-05-06,19:49:35,-04:00,2026-05-06T19:49:35-04:00,0,77
static\projects\pset4.html,166,html,caf9423f,Rodrigo Gallardo,2026-05-06,19:49:35,-04:00,2026-05-06T19:49:35-04:00,0,76
static\projects\pset4.html,167,html,caf9423f,Rodrigo Gallardo,2026-05-06,19:49:35,-04:00,2026-05-06T19:49:35-04:00,0,28
static\projects\pset4.html,168,html,caf9423f,Rodrigo Gallardo,2026-05-06,19:49:35,-04:00,2026-05-06T19:49:35-04:00,0,3
static\projects\pset4.html,169,html,caf9423f,Rodrigo Gallardo,2026-05-06,19:49:35,-04:00,2026-05-06T19:49:35-04:00,0,0
static\projects\pset4.html,170,html,caf9423f,Rodrigo Gallardo,2026-05-06,19:49:35,-04:00,2026-05-06T19:49:35-04:00,0,17
static\projects\pset4.html,171,html,caf9423f,Rodrigo Gallardo,2026-05-06,19:49:35,-04:00,2026-05-06T19:49:35-04:00,0,53
static\projects\pset4.html,172,html,caf9423f,Rodrigo Gallardo,2026-05-06,19:49:35,-04:00,2026-05-06T19:49:35-04:00,0,100
static\projects\pset4.html,173,html,caf9423f,Rodrigo Gallardo,2026-05-06,19:49:35,-04:00,2026-05-06T19:49:35-04:00,0,56
static\projects\pset4.html,174,html,caf9423f,Rodrigo Gallardo,2026-05-06,19:49:35,-04:00,2026-05-06T19:49:35-04:00,0,42
static\projects\pset4.html,175,html,caf9423f,Rodrigo Gallardo,2026-05-06,19:49:35,-04:00,2026-05-06T19:49:35-04:00,0,4
static\projects\pset4.html,176,html,caf9423f,Rodrigo Gallardo,2026-05-06,19:49:35,-04:00,2026-05-06T19:49:35-04:00,0,9
static\projects\pset4.html,177,html,caf9423f,Rodrigo Gallardo,2026-05-06,19:49:35,-04:00,2026-05-06T19:49:35-04:00,0,0
static\projects\pset4.html,178,html,caf9423f,Rodrigo Gallardo,2026-05-06,19:49:35,-04:00,2026-05-06T19:49:35-04:00,0,8
static\projects\pset4.html,179,html,caf9423f,Rodrigo Gallardo,2026-05-06,19:49:35,-04:00,2026-05-06T19:49:35-04:00,0,22
static\projects\pset4.html,180,html,caf9423f,Rodrigo Gallardo,2026-05-06,19:49:35,-04:00,2026-05-06T19:49:35-04:00,0,0
static\projects\pset4.html,181,html,caf9423f,Rodrigo Gallardo,2026-05-06,19:49:35,-04:00,2026-05-06T19:49:35-04:00,0,2
static\projects\pset4.html,182,html,caf9423f,Rodrigo Gallardo,2026-05-06,19:49:35,-04:00,2026-05-06T19:49:35-04:00,0,28
static\projects\pset4.html,183,html,caf9423f,Rodrigo Gallardo,2026-05-06,19:49:35,-04:00,2026-05-06T19:49:35-04:00,0,70
static\projects\pset4.html,184,html,caf9423f,Rodrigo Gallardo,2026-05-06,19:49:35,-04:00,2026-05-06T19:49:35-04:00,0,3
static\projects\pset4.html,185,html,caf9423f,Rodrigo Gallardo,2026-05-06,19:49:35,-04:00,2026-05-06T19:49:35-04:00,0,0
static\projects\pset4.html,186,html,caf9423f,Rodrigo Gallardo,2026-05-06,19:49:35,-04:00,2026-05-06T19:49:35-04:00,0,15
static\projects\pset4.html,187,html,caf9423f,Rodrigo Gallardo,2026-05-06,19:49:35,-04:00,2026-05-06T19:49:35-04:00,0,79
static\projects\pset4.html,188,html,caf9423f,Rodrigo Gallardo,2026-05-06,19:49:35,-04:00,2026-05-06T19:49:35-04:00,0,77
static\projects\pset4.html,189,html,caf9423f,Rodrigo Gallardo,2026-05-06,19:49:35,-04:00,2026-05-06T19:49:35-04:00,0,86
static\projects\pset4.html,190,html,caf9423f,Rodrigo Gallardo,2026-05-06,19:49:35,-04:00,2026-05-06T19:49:35-04:00,0,3
static\projects\pset4.html,191,html,caf9423f,Rodrigo Gallardo,2026-05-06,19:49:35,-04:00,2026-05-06T19:49:35-04:00,0,9
static\projects\pset4.html,192,html,caf9423f,Rodrigo Gallardo,2026-05-06,19:49:35,-04:00,2026-05-06T19:49:35-04:00,0,0
static\projects\pset4.html,193,html,caf9423f,Rodrigo Gallardo,2026-05-06,19:49:35,-04:00,2026-05-06T19:49:35-04:00,0,8
static\projects\pset4.html,194,html,caf9423f,Rodrigo Gallardo,2026-05-06,19:49:35,-04:00,2026-05-06T19:49:35-04:00,0,64
static\projects\pset4.html,195,html,caf9423f,Rodrigo Gallardo,2026-05-06,19:49:35,-04:00,2026-05-06T19:49:35-04:00,0,0
static\projects\pset4.html,196,html,caf9423f,Rodrigo Gallardo,2026-05-06,19:49:35,-04:00,2026-05-06T19:49:35-04:00,0,2
static\projects\pset4.html,197,html,caf9423f,Rodrigo Gallardo,2026-05-06,19:49:35,-04:00,2026-05-06T19:49:35-04:00,0,76
static\projects\pset4.html,198,html,caf9423f,Rodrigo Gallardo,2026-05-06,19:49:35,-04:00,2026-05-06T19:49:35-04:00,0,75
static\projects\pset4.html,199,html,caf9423f,Rodrigo Gallardo,2026-05-06,19:49:35,-04:00,2026-05-06T19:49:35-04:00,0,73
static\projects\pset4.html,200,html,caf9423f,Rodrigo Gallardo,2026-05-06,19:49:35,-04:00,2026-05-06T19:49:35-04:00,0,77
static\projects\pset4.html,201,html,caf9423f,Rodrigo Gallardo,2026-05-06,19:49:35,-04:00,2026-05-06T19:49:35-04:00,0,71
static\projects\pset4.html,202,html,caf9423f,Rodrigo Gallardo,2026-05-06,19:49:35,-04:00,2026-05-06T19:49:35-04:00,0,3
static\projects\pset4.html,203,html,caf9423f,Rodrigo Gallardo,2026-05-06,19:49:35,-04:00,2026-05-06T19:49:35-04:00,0,0
static\projects\pset4.html,204,html,caf9423f,Rodrigo Gallardo,2026-05-06,19:49:35,-04:00,2026-05-06T19:49:35-04:00,0,2
static\projects\pset4.html,205,html,caf9423f,Rodrigo Gallardo,2026-05-06,19:49:35,-04:00,2026-05-06T19:49:35-04:00,0,79
static\projects\pset4.html,206,html,caf9423f,Rodrigo Gallardo,2026-05-06,19:49:35,-04:00,2026-05-06T19:49:35-04:00,0,78
static\projects\pset4.html,207,html,caf9423f,Rodrigo Gallardo,2026-05-06,19:49:35,-04:00,2026-05-06T19:49:35-04:00,0,80
static\projects\pset4.html,208,html,caf9423f,Rodrigo Gallardo,2026-05-06,19:49:35,-04:00,2026-05-06T19:49:35-04:00,0,84
static\projects\pset4.html,209,html,caf9423f,Rodrigo Gallardo,2026-05-06,19:49:35,-04:00,2026-05-06T19:49:35-04:00,0,82
static\projects\pset4.html,210,html,caf9423f,Rodrigo Gallardo,2026-05-06,19:49:35,-04:00,2026-05-06T19:49:35-04:00,0,16
static\projects\pset4.html,211,html,caf9423f,Rodrigo Gallardo,2026-05-06,19:49:35,-04:00,2026-05-06T19:49:35-04:00,0,3
static\projects\pset4.html,212,html,caf9423f,Rodrigo Gallardo,2026-05-06,19:49:35,-04:00,2026-05-06T19:49:35-04:00,0,0
static\projects\pset4.html,213,html,caf9423f,Rodrigo Gallardo,2026-05-06,19:49:35,-04:00,2026-05-06T19:49:35-04:00,0,7
static\projects\pset4.html,214,html,caf9423f,Rodrigo Gallardo,2026-05-06,19:49:35,-04:00,2026-05-06T19:49:35-04:00,0,135
static\projects\pset4.html,215,html,caf9423f,Rodrigo Gallardo,2026-05-06,19:49:35,-04:00,2026-05-06T19:49:35-04:00,0,11
static\projects\pset4.html,216,html,caf9423f,Rodrigo Gallardo,2026-05-06,19:49:35,-04:00,2026-05-06T19:49:35-04:00,0,161
static\projects\pset4.html,217,html,caf9423f,Rodrigo Gallardo,2026-05-06,19:49:35,-04:00,2026-05-06T19:49:35-04:00,0,12
static\projects\pset4.html,218,html,caf9423f,Rodrigo Gallardo,2026-05-06,19:49:35,-04:00,2026-05-06T19:49:35-04:00,0,8
static\projects\pset4.html,219,html,caf9423f,Rodrigo Gallardo,2026-05-06,19:49:35,-04:00,2026-05-06T19:49:35-04:00,0,0
static\projects\pset4.html,220,html,caf9423f,Rodrigo Gallardo,2026-05-06,19:49:35,-04:00,2026-05-06T19:49:35-04:00,0,32
static\projects\pset4.html,221,html,caf9423f,Rodrigo Gallardo,2026-05-06,19:49:35,-04:00,2026-05-06T19:49:35-04:00,0,0
static\projects\pset4.html,222,html,caf9423f,Rodrigo Gallardo,2026-05-06,19:49:35,-04:00,2026-05-06T19:49:35-04:00,0,21
static\projects\pset4.html,223,html,caf9423f,Rodrigo Gallardo,2026-05-06,19:49:35,-04:00,2026-05-06T19:49:35-04:00,0,3
static\projects\pset4.html,224,html,caf9423f,Rodrigo Gallardo,2026-05-06,19:49:35,-04:00,2026-05-06T19:49:35-04:00,0,88
static\projects\pset4.html,225,html,caf9423f,Rodrigo Gallardo,2026-05-06,19:49:35,-04:00,2026-05-06T19:49:35-04:00,0,37
static\projects\pset4.html,226,html,caf9423f,Rodrigo Gallardo,2026-05-06,19:49:35,-04:00,2026-05-06T19:49:35-04:00,0,4
static\projects\pset4.html,227,html,caf9423f,Rodrigo Gallardo,2026-05-06,19:49:35,-04:00,2026-05-06T19:49:35-04:00,0,2
static\projects\pset4.html,228,html,caf9423f,Rodrigo Gallardo,2026-05-06,19:49:35,-04:00,2026-05-06T19:49:35-04:00,0,75
static\projects\pset4.html,229,html,caf9423f,Rodrigo Gallardo,2026-05-06,19:49:35,-04:00,2026-05-06T19:49:35-04:00,0,76
static\projects\pset4.html,230,html,caf9423f,Rodrigo Gallardo,2026-05-06,19:49:35,-04:00,2026-05-06T19:49:35-04:00,0,77
static\projects\pset4.html,231,html,caf9423f,Rodrigo Gallardo,2026-05-06,19:49:35,-04:00,2026-05-06T19:49:35-04:00,0,79
static\projects\pset4.html,232,html,caf9423f,Rodrigo Gallardo,2026-05-06,19:49:35,-04:00,2026-05-06T19:49:35-04:00,0,79
static\projects\pset4.html,233,html,caf9423f,Rodrigo Gallardo,2026-05-06,19:49:35,-04:00,2026-05-06T19:49:35-04:00,0,32
static\projects\pset4.html,234,html,caf9423f,Rodrigo Gallardo,2026-05-06,19:49:35,-04:00,2026-05-06T19:49:35-04:00,0,3
static\projects\pset4.html,235,html,caf9423f,Rodrigo Gallardo,2026-05-06,19:49:35,-04:00,2026-05-06T19:49:35-04:00,0,5
static\projects\pset4.html,236,html,caf9423f,Rodrigo Gallardo,2026-05-06,19:49:35,-04:00,2026-05-06T19:49:35-04:00,0,0
static\projects\pset4.html,237,html,caf9423f,Rodrigo Gallardo,2026-05-06,19:49:35,-04:00,2026-05-06T19:49:35-04:00,0,21
static\projects\pset4.html,238,html,caf9423f,Rodrigo Gallardo,2026-05-06,19:49:35,-04:00,2026-05-06T19:49:35-04:00,0,3
static\projects\pset4.html,239,html,caf9423f,Rodrigo Gallardo,2026-05-06,19:49:35,-04:00,2026-05-06T19:49:35-04:00,0,87
static\projects\pset4.html,240,html,caf9423f,Rodrigo Gallardo,2026-05-06,19:49:35,-04:00,2026-05-06T19:49:35-04:00,0,34
static\projects\pset4.html,241,html,caf9423f,Rodrigo Gallardo,2026-05-06,19:49:35,-04:00,2026-05-06T19:49:35-04:00,0,4
static\projects\pset4.html,242,html,caf9423f,Rodrigo Gallardo,2026-05-06,19:49:35,-04:00,2026-05-06T19:49:35-04:00,0,2
static\projects\pset4.html,243,html,caf9423f,Rodrigo Gallardo,2026-05-06,19:49:35,-04:00,2026-05-06T19:49:35-04:00,0,78
static\projects\pset4.html,244,html,caf9423f,Rodrigo Gallardo,2026-05-06,19:49:35,-04:00,2026-05-06T19:49:35-04:00,0,81
static\projects\pset4.html,245,html,caf9423f,Rodrigo Gallardo,2026-05-06,19:49:35,-04:00,2026-05-06T19:49:35-04:00,0,81
static\projects\pset4.html,246,html,caf9423f,Rodrigo Gallardo,2026-05-06,19:49:35,-04:00,2026-05-06T19:49:35-04:00,0,81
static\projects\pset4.html,247,html,caf9423f,Rodrigo Gallardo,2026-05-06,19:49:35,-04:00,2026-05-06T19:49:35-04:00,0,82
static\projects\pset4.html,248,html,caf9423f,Rodrigo Gallardo,2026-05-06,19:49:35,-04:00,2026-05-06T19:49:35-04:00,0,32
static\projects\pset4.html,249,html,caf9423f,Rodrigo Gallardo,2026-05-06,19:49:35,-04:00,2026-05-06T19:49:35-04:00,0,3
static\projects\pset4.html,250,html,caf9423f,Rodrigo Gallardo,2026-05-06,19:49:35,-04:00,2026-05-06T19:49:35-04:00,0,5
static\projects\pset4.html,251,html,caf9423f,Rodrigo Gallardo,2026-05-06,19:49:35,-04:00,2026-05-06T19:49:35-04:00,0,0
static\projects\pset4.html,252,html,caf9423f,Rodrigo Gallardo,2026-05-06,19:49:35,-04:00,2026-05-06T19:49:35-04:00,0,21
static\projects\pset4.html,253,html,caf9423f,Rodrigo Gallardo,2026-05-06,19:49:35,-04:00,2026-05-06T19:49:35-04:00,0,3
static\projects\pset4.html,254,html,caf9423f,Rodrigo Gallardo,2026-05-06,19:49:35,-04:00,2026-05-06T19:49:35-04:00,0,62
static\projects\pset4.html,255,html,caf9423f,Rodrigo Gallardo,2026-05-06,19:49:35,-04:00,2026-05-06T19:49:35-04:00,0,37
static\projects\pset4.html,256,html,caf9423f,Rodrigo Gallardo,2026-05-06,19:49:35,-04:00,2026-05-06T19:49:35-04:00,0,4
static\projects\pset4.html,257,html,caf9423f,Rodrigo Gallardo,2026-05-06,19:49:35,-04:00,2026-05-06T19:49:35-04:00,0,2
static\projects\pset4.html,258,html,caf9423f,Rodrigo Gallardo,2026-05-06,19:49:35,-04:00,2026-05-06T19:49:35-04:00,0,76
static\projects\pset4.html,259,html,caf9423f,Rodrigo Gallardo,2026-05-06,19:49:35,-04:00,2026-05-06T19:49:35-04:00,0,77
static\projects\pset4.html,260,html,caf9423f,Rodrigo Gallardo,2026-05-06,19:49:35,-04:00,2026-05-06T19:49:35-04:00,0,78
static\projects\pset4.html,261,html,caf9423f,Rodrigo Gallardo,2026-05-06,19:49:35,-04:00,2026-05-06T19:49:35-04:00,0,79
static\projects\pset4.html,262,html,caf9423f,Rodrigo Gallardo,2026-05-06,19:49:35,-04:00,2026-05-06T19:49:35-04:00,0,63
static\projects\pset4.html,263,html,caf9423f,Rodrigo Gallardo,2026-05-06,19:49:35,-04:00,2026-05-06T19:49:35-04:00,0,3
static\projects\pset4.html,264,html,caf9423f,Rodrigo Gallardo,2026-05-06,19:49:35,-04:00,2026-05-06T19:49:35-04:00,0,5
static\projects\pset4.html,265,html,caf9423f,Rodrigo Gallardo,2026-05-06,19:49:35,-04:00,2026-05-06T19:49:35-04:00,0,0
static\projects\pset4.html,266,html,caf9423f,Rodrigo Gallardo,2026-05-06,19:49:35,-04:00,2026-05-06T19:49:35-04:00,0,21
static\projects\pset4.html,267,html,caf9423f,Rodrigo Gallardo,2026-05-06,19:49:35,-04:00,2026-05-06T19:49:35-04:00,0,3
static\projects\pset4.html,268,html,caf9423f,Rodrigo Gallardo,2026-05-06,19:49:35,-04:00,2026-05-06T19:49:35-04:00,0,79
static\projects\pset4.html,269,html,caf9423f,Rodrigo Gallardo,2026-05-06,19:49:35,-04:00,2026-05-06T19:49:35-04:00,0,35
static\projects\pset4.html,270,html,caf9423f,Rodrigo Gallardo,2026-05-06,19:49:35,-04:00,2026-05-06T19:49:35-04:00,0,4
static\projects\pset4.html,271,html,caf9423f,Rodrigo Gallardo,2026-05-06,19:49:35,-04:00,2026-05-06T19:49:35-04:00,0,2
static\projects\pset4.html,272,html,caf9423f,Rodrigo Gallardo,2026-05-06,19:49:35,-04:00,2026-05-06T19:49:35-04:00,0,74
static\projects\pset4.html,273,html,caf9423f,Rodrigo Gallardo,2026-05-06,19:49:35,-04:00,2026-05-06T19:49:35-04:00,0,81
static\projects\pset4.html,274,html,caf9423f,Rodrigo Gallardo,2026-05-06,19:49:35,-04:00,2026-05-06T19:49:35-04:00,0,80
static\projects\pset4.html,275,html,caf9423f,Rodrigo Gallardo,2026-05-06,19:49:35,-04:00,2026-05-06T19:49:35-04:00,0,80
static\projects\pset4.html,276,html,caf9423f,Rodrigo Gallardo,2026-05-06,19:49:35,-04:00,2026-05-06T19:49:35-04:00,0,77
static\projects\pset4.html,277,html,caf9423f,Rodrigo Gallardo,2026-05-06,19:49:35,-04:00,2026-05-06T19:49:35-04:00,0,82
static\projects\pset4.html,278,html,caf9423f,Rodrigo Gallardo,2026-05-06,19:49:35,-04:00,2026-05-06T19:49:35-04:00,0,3
static\projects\pset4.html,279,html,caf9423f,Rodrigo Gallardo,2026-05-06,19:49:35,-04:00,2026-05-06T19:49:35-04:00,0,5
static\projects\pset4.html,280,html,caf9423f,Rodrigo Gallardo,2026-05-06,19:49:35,-04:00,2026-05-06T19:49:35-04:00,0,0
static\projects\pset4.html,281,html,caf9423f,Rodrigo Gallardo,2026-05-06,19:49:35,-04:00,2026-05-06T19:49:35-04:00,0,21
static\projects\pset4.html,282,html,caf9423f,Rodrigo Gallardo,2026-05-06,19:49:35,-04:00,2026-05-06T19:49:35-04:00,0,3
static\projects\pset4.html,283,html,caf9423f,Rodrigo Gallardo,2026-05-06,19:49:35,-04:00,2026-05-06T19:49:35-04:00,0,91
static\projects\pset4.html,284,html,caf9423f,Rodrigo Gallardo,2026-05-06,19:49:35,-04:00,2026-05-06T19:49:35-04:00,0,37
static\projects\pset4.html,285,html,caf9423f,Rodrigo Gallardo,2026-05-06,19:49:35,-04:00,2026-05-06T19:49:35-04:00,0,4
static\projects\pset4.html,286,html,caf9423f,Rodrigo Gallardo,2026-05-06,19:49:35,-04:00,2026-05-06T19:49:35-04:00,0,2
static\projects\pset4.html,287,html,caf9423f,Rodrigo Gallardo,2026-05-06,19:49:35,-04:00,2026-05-06T19:49:35-04:00,0,79
static\projects\pset4.html,288,html,caf9423f,Rodrigo Gallardo,2026-05-06,19:49:35,-04:00,2026-05-06T19:49:35-04:00,0,81
static\projects\pset4.html,289,html,caf9423f,Rodrigo Gallardo,2026-05-06,19:49:35,-04:00,2026-05-06T19:49:35-04:00,0,83
static\projects\pset4.html,290,html,caf9423f,Rodrigo Gallardo,2026-05-06,19:49:35,-04:00,2026-05-06T19:49:35-04:00,0,80
static\projects\pset4.html,291,html,caf9423f,Rodrigo Gallardo,2026-05-06,19:49:35,-04:00,2026-05-06T19:49:35-04:00,0,82
static\projects\pset4.html,292,html,caf9423f,Rodrigo Gallardo,2026-05-06,19:49:35,-04:00,2026-05-06T19:49:35-04:00,0,61
static\projects\pset4.html,293,html,caf9423f,Rodrigo Gallardo,2026-05-06,19:49:35,-04:00,2026-05-06T19:49:35-04:00,0,3
static\projects\pset4.html,294,html,caf9423f,Rodrigo Gallardo,2026-05-06,19:49:35,-04:00,2026-05-06T19:49:35-04:00,0,5
static\projects\pset4.html,295,html,caf9423f,Rodrigo Gallardo,2026-05-06,19:49:35,-04:00,2026-05-06T19:49:35-04:00,0,9
static\projects\pset4.html,296,html,caf9423f,Rodrigo Gallardo,2026-05-06,19:49:35,-04:00,2026-05-06T19:49:35-04:00,0,0
static\projects\pset4.html,297,html,caf9423f,Rodrigo Gallardo,2026-05-06,19:49:35,-04:00,2026-05-06T19:49:35-04:00,0,29
static\projects\pset4.html,298,html,caf9423f,Rodrigo Gallardo,2026-05-06,19:49:35,-04:00,2026-05-06T19:49:35-04:00,0,29
static\projects\pset4.html,299,html,caf9423f,Rodrigo Gallardo,2026-05-06,19:49:35,-04:00,2026-05-06T19:49:35-04:00,0,29
static\projects\pset4.html,300,html,caf9423f,Rodrigo Gallardo,2026-05-06,19:49:35,-04:00,2026-05-06T19:49:35-04:00,0,8
static\projects\pset4.html,301,html,caf9423f,Rodrigo Gallardo,2026-05-06,19:49:35,-04:00,2026-05-06T19:49:35-04:00,0,68
static\projects\pset4.html,302,html,caf9423f,Rodrigo Gallardo,2026-05-06,19:49:35,-04:00,2026-05-06T19:49:35-04:00,0,0
static\projects\pset4.html,303,html,caf9423f,Rodrigo Gallardo,2026-05-06,19:49:35,-04:00,2026-05-06T19:49:35-04:00,0,2
static\projects\pset4.html,304,html,caf9423f,Rodrigo Gallardo,2026-05-06,19:49:35,-04:00,2026-05-06T19:49:35-04:00,0,77
static\projects\pset4.html,305,html,caf9423f,Rodrigo Gallardo,2026-05-06,19:49:35,-04:00,2026-05-06T19:49:35-04:00,0,71
static\projects\pset4.html,306,html,caf9423f,Rodrigo Gallardo,2026-05-06,19:49:35,-04:00,2026-05-06T19:49:35-04:00,0,72
static\projects\pset4.html,307,html,caf9423f,Rodrigo Gallardo,2026-05-06,19:49:35,-04:00,2026-05-06T19:49:35-04:00,0,74
static\projects\pset4.html,308,html,caf9423f,Rodrigo Gallardo,2026-05-06,19:49:35,-04:00,2026-05-06T19:49:35-04:00,0,77
static\projects\pset4.html,309,html,caf9423f,Rodrigo Gallardo,2026-05-06,19:49:35,-04:00,2026-05-06T19:49:35-04:00,0,74
static\projects\pset4.html,310,html,caf9423f,Rodrigo Gallardo,2026-05-06,19:49:35,-04:00,2026-05-06T19:49:35-04:00,0,13
static\projects\pset4.html,311,html,caf9423f,Rodrigo Gallardo,2026-05-06,19:49:35,-04:00,2026-05-06T19:49:35-04:00,0,3
static\projects\pset4.html,312,html,caf9423f,Rodrigo Gallardo,2026-05-06,19:49:35,-04:00,2026-05-06T19:49:35-04:00,0,0
static\projects\pset4.html,313,html,caf9423f,Rodrigo Gallardo,2026-05-06,19:49:35,-04:00,2026-05-06T19:49:35-04:00,0,2
static\projects\pset4.html,314,html,caf9423f,Rodrigo Gallardo,2026-05-06,19:49:35,-04:00,2026-05-06T19:49:35-04:00,0,74
static\projects\pset4.html,315,html,caf9423f,Rodrigo Gallardo,2026-05-06,19:49:35,-04:00,2026-05-06T19:49:35-04:00,0,75
static\projects\pset4.html,316,html,caf9423f,Rodrigo Gallardo,2026-05-06,19:49:35,-04:00,2026-05-06T19:49:35-04:00,0,75
static\projects\pset4.html,317,html,caf9423f,Rodrigo Gallardo,2026-05-06,19:49:35,-04:00,2026-05-06T19:49:35-04:00,0,77
static\projects\pset4.html,318,html,caf9423f,Rodrigo Gallardo,2026-05-06,19:49:35,-04:00,2026-05-06T19:49:35-04:00,0,77
static\projects\pset4.html,319,html,caf9423f,Rodrigo Gallardo,2026-05-06,19:49:35,-04:00,2026-05-06T19:49:35-04:00,0,71
static\projects\pset4.html,320,html,caf9423f,Rodrigo Gallardo,2026-05-06,19:49:35,-04:00,2026-05-06T19:49:35-04:00,0,34
static\projects\pset4.html,321,html,caf9423f,Rodrigo Gallardo,2026-05-06,19:49:35,-04:00,2026-05-06T19:49:35-04:00,0,3
static\projects\pset4.html,322,html,caf9423f,Rodrigo Gallardo,2026-05-06,19:49:35,-04:00,2026-05-06T19:49:35-04:00,0,0
static\projects\pset4.html,323,html,caf9423f,Rodrigo Gallardo,2026-05-06,19:49:35,-04:00,2026-05-06T19:49:35-04:00,0,7
static\projects\pset4.html,324,html,caf9423f,Rodrigo Gallardo,2026-05-06,19:49:35,-04:00,2026-05-06T19:49:35-04:00,0,107
static\projects\pset4.html,325,html,caf9423f,Rodrigo Gallardo,2026-05-06,19:49:35,-04:00,2026-05-06T19:49:35-04:00,0,11
static\projects\pset4.html,326,html,caf9423f,Rodrigo Gallardo,2026-05-06,19:49:35,-04:00,2026-05-06T19:49:35-04:00,0,171
static\projects\pset4.html,327,html,caf9423f,Rodrigo Gallardo,2026-05-06,19:49:35,-04:00,2026-05-06T19:49:35-04:00,0,12
static\projects\pset4.html,328,html,caf9423f,Rodrigo Gallardo,2026-05-06,19:49:35,-04:00,2026-05-06T19:49:35-04:00,0,8
static\projects\pset4.html,329,html,caf9423f,Rodrigo Gallardo,2026-05-06,19:49:35,-04:00,2026-05-06T19:49:35-04:00,0,0
static\projects\pset4.html,330,html,caf9423f,Rodrigo Gallardo,2026-05-06,19:49:35,-04:00,2026-05-06T19:49:35-04:00,0,32
static\projects\pset4.html,331,html,caf9423f,Rodrigo Gallardo,2026-05-06,19:49:35,-04:00,2026-05-06T19:49:35-04:00,0,0
static\projects\pset4.html,332,html,caf9423f,Rodrigo Gallardo,2026-05-06,19:49:35,-04:00,2026-05-06T19:49:35-04:00,0,21
static\projects\pset4.html,333,html,caf9423f,Rodrigo Gallardo,2026-05-06,19:49:35,-04:00,2026-05-06T19:49:35-04:00,0,3
static\projects\pset4.html,334,html,caf9423f,Rodrigo Gallardo,2026-05-06,19:49:35,-04:00,2026-05-06T19:49:35-04:00,0,62
static\projects\pset4.html,335,html,caf9423f,Rodrigo Gallardo,2026-05-06,19:49:35,-04:00,2026-05-06T19:49:35-04:00,0,35
static\projects\pset4.html,336,html,caf9423f,Rodrigo Gallardo,2026-05-06,19:49:35,-04:00,2026-05-06T19:49:35-04:00,0,4
static\projects\pset4.html,337,html,caf9423f,Rodrigo Gallardo,2026-05-06,19:49:35,-04:00,2026-05-06T19:49:35-04:00,0,2
static\projects\pset4.html,338,html,caf9423f,Rodrigo Gallardo,2026-05-06,19:49:35,-04:00,2026-05-06T19:49:35-04:00,0,76
static\projects\pset4.html,339,html,caf9423f,Rodrigo Gallardo,2026-05-06,19:49:35,-04:00,2026-05-06T19:49:35-04:00,0,77
static\projects\pset4.html,340,html,caf9423f,Rodrigo Gallardo,2026-05-06,19:49:35,-04:00,2026-05-06T19:49:35-04:00,0,70
static\projects\pset4.html,341,html,caf9423f,Rodrigo Gallardo,2026-05-06,19:49:35,-04:00,2026-05-06T19:49:35-04:00,0,68
static\projects\pset4.html,342,html,caf9423f,Rodrigo Gallardo,2026-05-06,19:49:35,-04:00,2026-05-06T19:49:35-04:00,0,72
static\projects\pset4.html,343,html,caf9423f,Rodrigo Gallardo,2026-05-06,19:49:35,-04:00,2026-05-06T19:49:35-04:00,0,57
static\projects\pset4.html,344,html,caf9423f,Rodrigo Gallardo,2026-05-06,19:49:35,-04:00,2026-05-06T19:49:35-04:00,0,3
static\projects\pset4.html,345,html,caf9423f,Rodrigo Gallardo,2026-05-06,19:49:35,-04:00,2026-05-06T19:49:35-04:00,0,5
static\projects\pset4.html,346,html,caf9423f,Rodrigo Gallardo,2026-05-06,19:49:35,-04:00,2026-05-06T19:49:35-04:00,0,0
static\projects\pset4.html,347,html,caf9423f,Rodrigo Gallardo,2026-05-06,19:49:35,-04:00,2026-05-06T19:49:35-04:00,0,21
static\projects\pset4.html,348,html,caf9423f,Rodrigo Gallardo,2026-05-06,19:49:35,-04:00,2026-05-06T19:49:35-04:00,0,3
static\projects\pset4.html,349,html,caf9423f,Rodrigo Gallardo,2026-05-06,19:49:35,-04:00,2026-05-06T19:49:35-04:00,0,49
static\projects\pset4.html,350,html,caf9423f,Rodrigo Gallardo,2026-05-06,19:49:35,-04:00,2026-05-06T19:49:35-04:00,0,36
static\projects\pset4.html,351,html,caf9423f,Rodrigo Gallardo,2026-05-06,19:49:35,-04:00,2026-05-06T19:49:35-04:00,0,4
static\projects\pset4.html,352,html,caf9423f,Rodrigo Gallardo,2026-05-06,19:49:35,-04:00,2026-05-06T19:49:35-04:00,0,2
static\projects\pset4.html,353,html,caf9423f,Rodrigo Gallardo,2026-05-06,19:49:35,-04:00,2026-05-06T19:49:35-04:00,0,73
static\projects\pset4.html,354,html,caf9423f,Rodrigo Gallardo,2026-05-06,19:49:35,-04:00,2026-05-06T19:49:35-04:00,0,74
static\projects\pset4.html,355,html,caf9423f,Rodrigo Gallardo,2026-05-06,19:49:35,-04:00,2026-05-06T19:49:35-04:00,0,75
static\projects\pset4.html,356,html,caf9423f,Rodrigo Gallardo,2026-05-06,19:49:35,-04:00,2026-05-06T19:49:35-04:00,0,74
static\projects\pset4.html,357,html,caf9423f,Rodrigo Gallardo,2026-05-06,19:49:35,-04:00,2026-05-06T19:49:35-04:00,0,69
static\projects\pset4.html,358,html,caf9423f,Rodrigo Gallardo,2026-05-06,19:49:35,-04:00,2026-05-06T19:49:35-04:00,0,26
static\projects\pset4.html,359,html,caf9423f,Rodrigo Gallardo,2026-05-06,19:49:35,-04:00,2026-05-06T19:49:35-04:00,0,3
static\projects\pset4.html,360,html,caf9423f,Rodrigo Gallardo,2026-05-06,19:49:35,-04:00,2026-05-06T19:49:35-04:00,0,5
static\projects\pset4.html,361,html,caf9423f,Rodrigo Gallardo,2026-05-06,19:49:35,-04:00,2026-05-06T19:49:35-04:00,0,0
static\projects\pset4.html,362,html,caf9423f,Rodrigo Gallardo,2026-05-06,19:49:35,-04:00,2026-05-06T19:49:35-04:00,0,21
static\projects\pset4.html,363,html,caf9423f,Rodrigo Gallardo,2026-05-06,19:49:35,-04:00,2026-05-06T19:49:35-04:00,0,3
static\projects\pset4.html,364,html,caf9423f,Rodrigo Gallardo,2026-05-06,19:49:35,-04:00,2026-05-06T19:49:35-04:00,0,45
static\projects\pset4.html,365,html,caf9423f,Rodrigo Gallardo,2026-05-06,19:49:35,-04:00,2026-05-06T19:49:35-04:00,0,34
static\projects\pset4.html,366,html,caf9423f,Rodrigo Gallardo,2026-05-06,19:49:35,-04:00,2026-05-06T19:49:35-04:00,0,4
static\projects\pset4.html,367,html,caf9423f,Rodrigo Gallardo,2026-05-06,19:49:35,-04:00,2026-05-06T19:49:35-04:00,0,2
static\projects\pset4.html,368,html,caf9423f,Rodrigo Gallardo,2026-05-06,19:49:35,-04:00,2026-05-06T19:49:35-04:00,0,75
static\projects\pset4.html,369,html,caf9423f,Rodrigo Gallardo,2026-05-06,19:49:35,-04:00,2026-05-06T19:49:35-04:00,0,69
static\projects\pset4.html,370,html,caf9423f,Rodrigo Gallardo,2026-05-06,19:49:35,-04:00,2026-05-06T19:49:35-04:00,0,72
static\projects\pset4.html,371,html,caf9423f,Rodrigo Gallardo,2026-05-06,19:49:35,-04:00,2026-05-06T19:49:35-04:00,0,73
static\projects\pset4.html,372,html,caf9423f,Rodrigo Gallardo,2026-05-06,19:49:35,-04:00,2026-05-06T19:49:35-04:00,0,32
static\projects\pset4.html,373,html,caf9423f,Rodrigo Gallardo,2026-05-06,19:49:35,-04:00,2026-05-06T19:49:35-04:00,0,3
static\projects\pset4.html,374,html,caf9423f,Rodrigo Gallardo,2026-05-06,19:49:35,-04:00,2026-05-06T19:49:35-04:00,0,5
static\projects\pset4.html,375,html,caf9423f,Rodrigo Gallardo,2026-05-06,19:49:35,-04:00,2026-05-06T19:49:35-04:00,0,0
static\projects\pset4.html,376,html,caf9423f,Rodrigo Gallardo,2026-05-06,19:49:35,-04:00,2026-05-06T19:49:35-04:00,0,21
static\projects\pset4.html,377,html,caf9423f,Rodrigo Gallardo,2026-05-06,19:49:35,-04:00,2026-05-06T19:49:35-04:00,0,3
static\projects\pset4.html,378,html,caf9423f,Rodrigo Gallardo,2026-05-06,19:49:35,-04:00,2026-05-06T19:49:35-04:00,0,63
static\projects\pset4.html,379,html,caf9423f,Rodrigo Gallardo,2026-05-06,19:49:35,-04:00,2026-05-06T19:49:35-04:00,0,37
static\projects\pset4.html,380,html,caf9423f,Rodrigo Gallardo,2026-05-06,19:49:35,-04:00,2026-05-06T19:49:35-04:00,0,4
static\projects\pset4.html,381,html,caf9423f,Rodrigo Gallardo,2026-05-06,19:49:35,-04:00,2026-05-06T19:49:35-04:00,0,2
static\projects\pset4.html,382,html,caf9423f,Rodrigo Gallardo,2026-05-06,19:49:35,-04:00,2026-05-06T19:49:35-04:00,0,74
static\projects\pset4.html,383,html,caf9423f,Rodrigo Gallardo,2026-05-06,19:49:35,-04:00,2026-05-06T19:49:35-04:00,0,69
static\projects\pset4.html,384,html,caf9423f,Rodrigo Gallardo,2026-05-06,19:49:35,-04:00,2026-05-06T19:49:35-04:00,0,69
static\projects\pset4.html,385,html,caf9423f,Rodrigo Gallardo,2026-05-06,19:49:35,-04:00,2026-05-06T19:49:35-04:00,0,73
static\projects\pset4.html,386,html,caf9423f,Rodrigo Gallardo,2026-05-06,19:49:35,-04:00,2026-05-06T19:49:35-04:00,0,25
static\projects\pset4.html,387,html,caf9423f,Rodrigo Gallardo,2026-05-06,19:49:35,-04:00,2026-05-06T19:49:35-04:00,0,3
static\projects\pset4.html,388,html,caf9423f,Rodrigo Gallardo,2026-05-06,19:49:35,-04:00,2026-05-06T19:49:35-04:00,0,5
static\projects\pset4.html,389,html,caf9423f,Rodrigo Gallardo,2026-05-06,19:49:35,-04:00,2026-05-06T19:49:35-04:00,0,0
static\projects\pset4.html,390,html,caf9423f,Rodrigo Gallardo,2026-05-06,19:49:35,-04:00,2026-05-06T19:49:35-04:00,0,9
static\projects\pset4.html,391,html,caf9423f,Rodrigo Gallardo,2026-05-06,19:49:35,-04:00,2026-05-06T19:49:35-04:00,0,0
static\projects\pset4.html,392,html,caf9423f,Rodrigo Gallardo,2026-05-06,19:49:35,-04:00,2026-05-06T19:49:35-04:00,0,29
static\projects\pset4.html,393,html,caf9423f,Rodrigo Gallardo,2026-05-06,19:49:35,-04:00,2026-05-06T19:49:35-04:00,0,29
static\projects\pset4.html,394,html,caf9423f,Rodrigo Gallardo,2026-05-06,19:49:35,-04:00,2026-05-06T19:49:35-04:00,0,29
static\projects\pset4.html,395,html,caf9423f,Rodrigo Gallardo,2026-05-06,19:49:35,-04:00,2026-05-06T19:49:35-04:00,0,8
static\projects\pset4.html,396,html,caf9423f,Rodrigo Gallardo,2026-05-06,19:49:35,-04:00,2026-05-06T19:49:35-04:00,0,27
static\projects\pset4.html,397,html,caf9423f,Rodrigo Gallardo,2026-05-06,19:49:35,-04:00,2026-05-06T19:49:35-04:00,0,0
static\projects\pset4.html,398,html,caf9423f,Rodrigo Gallardo,2026-05-06,19:49:35,-04:00,2026-05-06T19:49:35-04:00,0,2
static\projects\pset4.html,399,html,caf9423f,Rodrigo Gallardo,2026-05-06,19:49:35,-04:00,2026-05-06T19:49:35-04:00,0,75
static\projects\pset4.html,400,html,caf9423f,Rodrigo Gallardo,2026-05-06,19:49:35,-04:00,2026-05-06T19:49:35-04:00,0,74
static\projects\pset4.html,401,html,caf9423f,Rodrigo Gallardo,2026-05-06,19:49:35,-04:00,2026-05-06T19:49:35-04:00,0,73
static\projects\pset4.html,402,html,caf9423f,Rodrigo Gallardo,2026-05-06,19:49:35,-04:00,2026-05-06T19:49:35-04:00,0,73
static\projects\pset4.html,403,html,caf9423f,Rodrigo Gallardo,2026-05-06,19:49:35,-04:00,2026-05-06T19:49:35-04:00,0,72
static\projects\pset4.html,404,html,caf9423f,Rodrigo Gallardo,2026-05-06,19:49:35,-04:00,2026-05-06T19:49:35-04:00,0,77
static\projects\pset4.html,405,html,caf9423f,Rodrigo Gallardo,2026-05-06,19:49:35,-04:00,2026-05-06T19:49:35-04:00,0,75
static\projects\pset4.html,406,html,caf9423f,Rodrigo Gallardo,2026-05-06,19:49:35,-04:00,2026-05-06T19:49:35-04:00,0,75
static\projects\pset4.html,407,html,caf9423f,Rodrigo Gallardo,2026-05-06,19:49:35,-04:00,2026-05-06T19:49:35-04:00,0,75
static\projects\pset4.html,408,html,caf9423f,Rodrigo Gallardo,2026-05-06,19:49:35,-04:00,2026-05-06T19:49:35-04:00,0,71
static\projects\pset4.html,409,html,caf9423f,Rodrigo Gallardo,2026-05-06,19:49:35,-04:00,2026-05-06T19:49:35-04:00,0,3
static\projects\pset4.html,410,html,caf9423f,Rodrigo Gallardo,2026-05-06,19:49:35,-04:00,2026-05-06T19:49:35-04:00,0,0
static\projects\pset4.html,411,html,caf9423f,Rodrigo Gallardo,2026-05-06,19:49:35,-04:00,2026-05-06T19:49:35-04:00,0,2
static\projects\pset4.html,412,html,caf9423f,Rodrigo Gallardo,2026-05-06,19:49:35,-04:00,2026-05-06T19:49:35-04:00,0,76
static\projects\pset4.html,413,html,caf9423f,Rodrigo Gallardo,2026-05-06,19:49:35,-04:00,2026-05-06T19:49:35-04:00,0,75
static\projects\pset4.html,414,html,caf9423f,Rodrigo Gallardo,2026-05-06,19:49:35,-04:00,2026-05-06T19:49:35-04:00,0,70
static\projects\pset4.html,415,html,caf9423f,Rodrigo Gallardo,2026-05-06,19:49:35,-04:00,2026-05-06T19:49:35-04:00,0,72
static\projects\pset4.html,416,html,caf9423f,Rodrigo Gallardo,2026-05-06,19:49:35,-04:00,2026-05-06T19:49:35-04:00,0,71
static\projects\pset4.html,417,html,caf9423f,Rodrigo Gallardo,2026-05-06,19:49:35,-04:00,2026-05-06T19:49:35-04:00,0,76
static\projects\pset4.html,418,html,caf9423f,Rodrigo Gallardo,2026-05-06,19:49:35,-04:00,2026-05-06T19:49:35-04:00,0,74
static\projects\pset4.html,419,html,caf9423f,Rodrigo Gallardo,2026-05-06,19:49:35,-04:00,2026-05-06T19:49:35-04:00,0,73
static\projects\pset4.html,420,html,caf9423f,Rodrigo Gallardo,2026-05-06,19:49:35,-04:00,2026-05-06T19:49:35-04:00,0,70
static\projects\pset4.html,421,html,caf9423f,Rodrigo Gallardo,2026-05-06,19:49:35,-04:00,2026-05-06T19:49:35-04:00,0,72
static\projects\pset4.html,422,html,caf9423f,Rodrigo Gallardo,2026-05-06,19:49:35,-04:00,2026-05-06T19:49:35-04:00,0,40
static\projects\pset4.html,423,html,caf9423f,Rodrigo Gallardo,2026-05-06,19:49:35,-04:00,2026-05-06T19:49:35-04:00,0,3
static\projects\pset4.html,424,html,caf9423f,Rodrigo Gallardo,2026-05-06,19:49:35,-04:00,2026-05-06T19:49:35-04:00,0,0
static\projects\pset4.html,425,html,caf9423f,Rodrigo Gallardo,2026-05-06,19:49:35,-04:00,2026-05-06T19:49:35-04:00,0,9
static\projects\pset4.html,426,html,caf9423f,Rodrigo Gallardo,2026-05-06,19:49:35,-04:00,2026-05-06T19:49:35-04:00,0,0
static\projects\pset4.html,427,html,caf9423f,Rodrigo Gallardo,2026-05-06,19:49:35,-04:00,2026-05-06T19:49:35-04:00,0,29
static\projects\pset4.html,428,html,caf9423f,Rodrigo Gallardo,2026-05-06,19:49:35,-04:00,2026-05-06T19:49:35-04:00,0,54
static\projects\pset4.html,429,html,caf9423f,Rodrigo Gallardo,2026-05-06,19:49:35,-04:00,2026-05-06T19:49:35-04:00,0,29
static\projects\pset4.html,430,html,caf9423f,Rodrigo Gallardo,2026-05-06,19:49:35,-04:00,2026-05-06T19:49:35-04:00,0,8
static\projects\pset4.html,431,html,caf9423f,Rodrigo Gallardo,2026-05-06,19:49:35,-04:00,2026-05-06T19:49:35-04:00,0,54
static\projects\pset4.html,432,html,caf9423f,Rodrigo Gallardo,2026-05-06,19:49:35,-04:00,2026-05-06T19:49:35-04:00,0,0
static\projects\pset4.html,433,html,caf9423f,Rodrigo Gallardo,2026-05-06,19:49:35,-04:00,2026-05-06T19:49:35-04:00,0,17
static\projects\pset4.html,434,html,caf9423f,Rodrigo Gallardo,2026-05-06,19:49:35,-04:00,2026-05-06T19:49:35-04:00,0,76
static\projects\pset4.html,435,html,caf9423f,Rodrigo Gallardo,2026-05-06,19:49:35,-04:00,2026-05-06T19:49:35-04:00,0,88
static\projects\pset4.html,436,html,caf9423f,Rodrigo Gallardo,2026-05-06,19:49:35,-04:00,2026-05-06T19:49:35-04:00,0,91
static\projects\pset4.html,437,html,caf9423f,Rodrigo Gallardo,2026-05-06,19:49:35,-04:00,2026-05-06T19:49:35-04:00,0,93
static\projects\pset4.html,438,html,caf9423f,Rodrigo Gallardo,2026-05-06,19:49:35,-04:00,2026-05-06T19:49:35-04:00,0,4
static\projects\pset4.html,439,html,caf9423f,Rodrigo Gallardo,2026-05-06,19:49:35,-04:00,2026-05-06T19:49:35-04:00,0,9
static\projects\pset4.html,440,html,caf9423f,Rodrigo Gallardo,2026-05-06,19:49:35,-04:00,2026-05-06T19:49:35-04:00,0,0
static\projects\pset4.html,441,html,caf9423f,Rodrigo Gallardo,2026-05-06,19:49:35,-04:00,2026-05-06T19:49:35-04:00,0,29
static\projects\pset4.html,442,html,caf9423f,Rodrigo Gallardo,2026-05-06,19:49:35,-04:00,2026-05-06T19:49:35-04:00,0,29
static\projects\pset4.html,443,html,caf9423f,Rodrigo Gallardo,2026-05-06,19:49:35,-04:00,2026-05-06T19:49:35-04:00,0,29
static\projects\pset4.html,444,html,caf9423f,Rodrigo Gallardo,2026-05-06,19:49:35,-04:00,2026-05-06T19:49:35-04:00,0,8
static\projects\pset4.html,445,html,caf9423f,Rodrigo Gallardo,2026-05-06,19:49:35,-04:00,2026-05-06T19:49:35-04:00,0,21
static\projects\pset4.html,446,html,caf9423f,Rodrigo Gallardo,2026-05-06,19:49:35,-04:00,2026-05-06T19:49:35-04:00,0,17
static\projects\pset4.html,447,html,caf9423f,Rodrigo Gallardo,2026-05-06,19:49:35,-04:00,2026-05-06T19:49:35-04:00,0,3
static\projects\pset4.html,448,html,caf9423f,Rodrigo Gallardo,2026-05-06,19:49:35,-04:00,2026-05-06T19:49:35-04:00,0,57
static\projects\pset4.html,449,html,caf9423f,Rodrigo Gallardo,2026-05-06,19:49:35,-04:00,2026-05-06T19:49:35-04:00,0,25
static\projects\pset4.html,450,html,caf9423f,Rodrigo Gallardo,2026-05-06,19:49:35,-04:00,2026-05-06T19:49:35-04:00,0,4
static\projects\pset4.html,451,html,caf9423f,Rodrigo Gallardo,2026-05-06,19:49:35,-04:00,2026-05-06T19:49:35-04:00,0,74
static\projects\pset4.html,452,html,caf9423f,Rodrigo Gallardo,2026-05-06,19:49:35,-04:00,2026-05-06T19:49:35-04:00,0,65
static\projects\pset4.html,453,html,caf9423f,Rodrigo Gallardo,2026-05-06,19:49:35,-04:00,2026-05-06T19:49:35-04:00,0,4
static\projects\pset4.html,454,html,caf9423f,Rodrigo Gallardo,2026-05-06,19:49:35,-04:00,2026-05-06T19:49:35-04:00,0,9
static\projects\pset4.html,455,html,caf9423f,Rodrigo Gallardo,2026-05-06,19:49:35,-04:00,2026-05-06T19:49:35-04:00,0,0
static\projects\pset4.html,456,html,caf9423f,Rodrigo Gallardo,2026-05-06,19:49:35,-04:00,2026-05-06T19:49:35-04:00,0,6
static\projects\pset4.html,457,html,caf9423f,Rodrigo Gallardo,2026-05-06,19:49:35,-04:00,2026-05-06T19:49:35-04:00,0,0
static\projects\pset4.html,458,html,caf9423f,Rodrigo Gallardo,2026-05-06,19:49:35,-04:00,2026-05-06T19:49:35-04:00,0,7
static\projects\pset4.html,459,html,caf9423f,Rodrigo Gallardo,2026-05-06,19:49:35,-04:00,2026-05-06T19:49:35-04:00,0,34
static\projects\pset4.html,460,html,caf9423f,Rodrigo Gallardo,2026-05-06,19:49:35,-04:00,2026-05-06T19:49:35-04:00,0,8
static\projects\pset4.html,461,html,caf9423f,Rodrigo Gallardo,2026-05-06,19:49:35,-04:00,2026-05-06T19:49:35-04:00,0,6
static\projects\pset4.html,462,html,caf9423f,Rodrigo Gallardo,2026-05-06,19:49:35,-04:00,2026-05-06T19:49:35-04:00,0,6
static\projects\pset3.html,1,html,caf9423f,Rodrigo Gallardo,2026-05-06,19:49:35,-04:00,2026-05-06T19:49:35-04:00,0,14
static\projects\pset3.html,2,html,caf9423f,Rodrigo Gallardo,2026-05-06,19:49:35,-04:00,2026-05-06T19:49:35-04:00,0,15
static\projects\pset3.html,3,html,caf9423f,Rodrigo Gallardo,2026-05-06,19:49:35,-04:00,2026-05-06T19:49:35-04:00,0,5
static\projects\pset3.html,4,html,caf9423f,Rodrigo Gallardo,2026-05-06,19:49:35,-04:00,2026-05-06T19:49:35-04:00,0,23
static\projects\pset3.html,5,html,caf9423f,Rodrigo Gallardo,2026-05-06,19:49:35,-04:00,2026-05-06T19:49:35-04:00,0,40
static\projects\pset3.html,6,html,caf9423f,Rodrigo Gallardo,2026-05-06,19:49:35,-04:00,2026-05-06T19:49:35-04:00,0,84
static\projects\pset3.html,7,html,caf9423f,Rodrigo Gallardo,2026-05-06,19:49:35,-04:00,2026-05-06T19:49:35-04:00,0,0
static\projects\pset3.html,8,html,caf9423f,Rodrigo Gallardo,2026-05-06,19:49:35,-04:00,2026-05-06T19:49:35-04:00,0,6
static\projects\pset3.html,9,html,caf9423f,Rodrigo Gallardo,2026-05-06,19:49:35,-04:00,2026-05-06T19:49:35-04:00,0,11
static\projects\pset3.html,10,html,caf9423f,Rodrigo Gallardo,2026-05-06,19:49:35,-04:00,2026-05-06T19:49:35-04:00,0,15
static\projects\pset3.html,11,html,caf9423f,Rodrigo Gallardo,2026-05-06,19:49:35,-04:00,2026-05-06T19:49:35-04:00,0,12
static\projects\pset3.html,12,html,caf9423f,Rodrigo Gallardo,2026-05-06,19:49:35,-04:00,2026-05-06T19:49:35-04:00,0,14
static\projects\pset3.html,13,html,caf9423f,Rodrigo Gallardo,2026-05-06,19:49:35,-04:00,2026-05-06T19:49:35-04:00,0,0
static\projects\pset3.html,14,html,caf9423f,Rodrigo Gallardo,2026-05-06,19:49:35,-04:00,2026-05-06T19:49:35-04:00,0,0
static\projects\pset3.html,15,html,caf9423f,Rodrigo Gallardo,2026-05-06,19:49:35,-04:00,2026-05-06T19:49:35-04:00,0,48
static\projects\pset3.html,16,html,caf9423f,Rodrigo Gallardo,2026-05-06,19:49:35,-04:00,2026-05-06T19:49:35-04:00,0,12
static\projects\pset3.html,17,html,caf9423f,Rodrigo Gallardo,2026-05-06,19:49:35,-04:00,2026-05-06T19:49:35-04:00,0,14
static\projects\pset3.html,18,html,caf9423f,Rodrigo Gallardo,2026-05-06,19:49:35,-04:00,2026-05-06T19:49:35-04:00,0,17
static\projects\pset3.html,19,html,caf9423f,Rodrigo Gallardo,2026-05-06,19:49:35,-04:00,2026-05-06T19:49:35-04:00,0,0
static\projects\pset3.html,20,html,caf9423f,Rodrigo Gallardo,2026-05-06,19:49:35,-04:00,2026-05-06T19:49:35-04:00,0,0
static\projects\pset3.html,21,html,caf9423f,Rodrigo Gallardo,2026-05-06,19:49:35,-04:00,2026-05-06T19:49:35-04:00,0,16
static\projects\pset3.html,22,html,caf9423f,Rodrigo Gallardo,2026-05-06,19:49:35,-04:00,2026-05-06T19:49:35-04:00,0,11
static\projects\pset3.html,23,html,caf9423f,Rodrigo Gallardo,2026-05-06,19:49:35,-04:00,2026-05-06T19:49:35-04:00,0,0
static\projects\pset3.html,24,html,caf9423f,Rodrigo Gallardo,2026-05-06,19:49:35,-04:00,2026-05-06T19:49:35-04:00,0,0
static\projects\pset3.html,25,html,caf9423f,Rodrigo Gallardo,2026-05-06,19:49:35,-04:00,2026-05-06T19:49:35-04:00,0,28
static\projects\pset3.html,26,html,caf9423f,Rodrigo Gallardo,2026-05-06,19:49:35,-04:00,2026-05-06T19:49:35-04:00,0,13
static\projects\pset3.html,27,html,caf9423f,Rodrigo Gallardo,2026-05-06,19:49:35,-04:00,2026-05-06T19:49:35-04:00,0,14
static\projects\pset3.html,28,html,caf9423f,Rodrigo Gallardo,2026-05-06,19:49:35,-04:00,2026-05-06T19:49:35-04:00,0,17
static\projects\pset3.html,29,html,caf9423f,Rodrigo Gallardo,2026-05-06,19:49:35,-04:00,2026-05-06T19:49:35-04:00,0,0
static\projects\pset3.html,30,html,caf9423f,Rodrigo Gallardo,2026-05-06,19:49:35,-04:00,2026-05-06T19:49:35-04:00,0,0
static\projects\pset3.html,31,html,caf9423f,Rodrigo Gallardo,2026-05-06,19:49:35,-04:00,2026-05-06T19:49:35-04:00,0,17
static\projects\pset3.html,32,html,caf9423f,Rodrigo Gallardo,2026-05-06,19:49:35,-04:00,2026-05-06T19:49:35-04:00,0,11
static\projects\pset3.html,33,html,caf9423f,Rodrigo Gallardo,2026-05-06,19:49:35,-04:00,2026-05-06T19:49:35-04:00,0,0
static\projects\pset3.html,34,html,caf9423f,Rodrigo Gallardo,2026-05-06,19:49:35,-04:00,2026-05-06T19:49:35-04:00,0,0
static\projects\pset3.html,35,html,caf9423f,Rodrigo Gallardo,2026-05-06,19:49:35,-04:00,2026-05-06T19:49:35-04:00,0,18
static\projects\pset3.html,36,html,caf9423f,Rodrigo Gallardo,2026-05-06,19:49:35,-04:00,2026-05-06T19:49:35-04:00,0,55
static\projects\pset3.html,37,html,caf9423f,Rodrigo Gallardo,2026-05-06,19:49:35,-04:00,2026-05-06T19:49:35-04:00,0,0
static\projects\pset3.html,38,html,caf9423f,Rodrigo Gallardo,2026-05-06,19:49:35,-04:00,2026-05-06T19:49:35-04:00,0,0
static\projects\pset3.html,39,html,caf9423f,Rodrigo Gallardo,2026-05-06,19:49:35,-04:00,2026-05-06T19:49:35-04:00,0,24
static\projects\pset3.html,40,html,caf9423f,Rodrigo Gallardo,2026-05-06,19:49:35,-04:00,2026-05-06T19:49:35-04:00,0,6
static\projects\pset3.html,41,html,caf9423f,Rodrigo Gallardo,2026-05-06,19:49:35,-04:00,2026-05-06T19:49:35-04:00,0,21
static\projects\pset3.html,42,html,caf9423f,Rodrigo Gallardo,2026-05-06,19:49:35,-04:00,2026-05-06T19:49:35-04:00,0,27
static\projects\pset3.html,43,html,caf9423f,Rodrigo Gallardo,2026-05-06,19:49:35,-04:00,2026-05-06T19:49:35-04:00,0,19
static\projects\pset3.html,44,html,caf9423f,Rodrigo Gallardo,2026-05-06,19:49:35,-04:00,2026-05-06T19:49:35-04:00,0,0
static\projects\pset3.html,45,html,caf9423f,Rodrigo Gallardo,2026-05-06,19:49:35,-04:00,2026-05-06T19:49:35-04:00,0,0
static\projects\pset3.html,46,html,caf9423f,Rodrigo Gallardo,2026-05-06,19:49:35,-04:00,2026-05-06T19:49:35-04:00,0,36
static\projects\pset3.html,47,html,caf9423f,Rodrigo Gallardo,2026-05-06,19:49:35,-04:00,2026-05-06T19:49:35-04:00,0,0
static\projects\pset3.html,48,html,caf9423f,Rodrigo Gallardo,2026-05-06,19:49:35,-04:00,2026-05-06T19:49:35-04:00,0,6
static\projects\pset3.html,49,html,caf9423f,Rodrigo Gallardo,2026-05-06,19:49:35,-04:00,2026-05-06T19:49:35-04:00,0,13
static\projects\pset3.html,50,html,caf9423f,Rodrigo Gallardo,2026-05-06,19:49:35,-04:00,2026-05-06T19:49:35-04:00,0,26
static\projects\pset3.html,51,html,caf9423f,Rodrigo Gallardo,2026-05-06,19:49:35,-04:00,2026-05-06T19:49:35-04:00,0,9
static\projects\pset3.html,52,html,caf9423f,Rodrigo Gallardo,2026-05-06,19:49:35,-04:00,2026-05-06T19:49:35-04:00,0,0
static\projects\pset3.html,53,html,caf9423f,Rodrigo Gallardo,2026-05-06,19:49:35,-04:00,2026-05-06T19:49:35-04:00,0,0
static\projects\pset3.html,54,html,caf9423f,Rodrigo Gallardo,2026-05-06,19:49:35,-04:00,2026-05-06T19:49:35-04:00,0,45
static\projects\pset3.html,55,html,caf9423f,Rodrigo Gallardo,2026-05-06,19:49:35,-04:00,2026-05-06T19:49:35-04:00,0,26
static\projects\pset3.html,56,html,caf9423f,Rodrigo Gallardo,2026-05-06,19:49:35,-04:00,2026-05-06T19:49:35-04:00,0,10
static\projects\pset3.html,57,html,caf9423f,Rodrigo Gallardo,2026-05-06,19:49:35,-04:00,2026-05-06T19:49:35-04:00,0,30
static\projects\pset3.html,58,html,caf9423f,Rodrigo Gallardo,2026-05-06,19:49:35,-04:00,2026-05-06T19:49:35-04:00,0,0
static\projects\pset3.html,59,html,caf9423f,Rodrigo Gallardo,2026-05-06,19:49:35,-04:00,2026-05-06T19:49:35-04:00,0,0
static\projects\pset3.html,60,html,caf9423f,Rodrigo Gallardo,2026-05-06,19:49:35,-04:00,2026-05-06T19:49:35-04:00,0,7
static\projects\pset3.html,61,html,caf9423f,Rodrigo Gallardo,2026-05-06,19:49:35,-04:00,2026-05-06T19:49:35-04:00,0,6
static\projects\pset3.html,62,html,caf9423f,Rodrigo Gallardo,2026-05-06,19:49:35,-04:00,2026-05-06T19:49:35-04:00,0,0
static\projects\pset3.html,63,html,caf9423f,Rodrigo Gallardo,2026-05-06,19:49:35,-04:00,2026-05-06T19:49:35-04:00,0,5
static\projects\pset3.html,64,html,caf9423f,Rodrigo Gallardo,2026-05-06,19:49:35,-04:00,2026-05-06T19:49:35-04:00,0,7
static\projects\pset3.html,65,html,caf9423f,Rodrigo Gallardo,2026-05-06,19:49:35,-04:00,2026-05-06T19:49:35-04:00,0,3
static\projects\pset3.html,66,html,caf9423f,Rodrigo Gallardo,2026-05-06,19:49:35,-04:00,2026-05-06T19:49:35-04:00,0,26
static\projects\pset3.html,67,html,caf9423f,Rodrigo Gallardo,2026-05-06,19:49:35,-04:00,2026-05-06T19:49:35-04:00,0,60
static\projects\pset3.html,68,html,caf9423f,Rodrigo Gallardo,2026-05-06,19:49:35,-04:00,2026-05-06T19:49:35-04:00,0,4
static\projects\pset3.html,69,html,caf9423f,Rodrigo Gallardo,2026-05-06,19:49:35,-04:00,2026-05-06T19:49:35-04:00,0,0
static\projects\pset3.html,70,html,caf9423f,Rodrigo Gallardo,2026-05-06,19:49:35,-04:00,2026-05-06T19:49:35-04:00,0,2
static\projects\pset3.html,71,html,caf9423f,Rodrigo Gallardo,2026-05-06,19:49:35,-04:00,2026-05-06T19:49:35-04:00,0,60
static\projects\pset3.html,72,html,caf9423f,Rodrigo Gallardo,2026-05-06,19:49:35,-04:00,2026-05-06T19:49:35-04:00,0,3
static\projects\pset3.html,73,html,caf9423f,Rodrigo Gallardo,2026-05-06,19:49:35,-04:00,2026-05-06T19:49:35-04:00,0,8
static\projects\pset3.html,74,html,caf9423f,Rodrigo Gallardo,2026-05-06,19:49:35,-04:00,2026-05-06T19:49:35-04:00,0,0
static\projects\pset3.html,75,html,caf9423f,Rodrigo Gallardo,2026-05-06,19:49:35,-04:00,2026-05-06T19:49:35-04:00,0,5
static\projects\pset3.html,76,html,caf9423f,Rodrigo Gallardo,2026-05-06,19:49:35,-04:00,2026-05-06T19:49:35-04:00,0,29
static\projects\pset3.html,77,html,caf9423f,Rodrigo Gallardo,2026-05-06,19:49:35,-04:00,2026-05-06T19:49:35-04:00,0,30
static\projects\pset3.html,78,html,caf9423f,Rodrigo Gallardo,2026-05-06,19:49:35,-04:00,2026-05-06T19:49:35-04:00,0,29
static\projects\pset3.html,79,html,caf9423f,Rodrigo Gallardo,2026-05-06,19:49:35,-04:00,2026-05-06T19:49:35-04:00,0,8
static\projects\pset3.html,80,html,caf9423f,Rodrigo Gallardo,2026-05-06,19:49:35,-04:00,2026-05-06T19:49:35-04:00,0,30
static\projects\pset3.html,81,html,caf9423f,Rodrigo Gallardo,2026-05-06,19:49:35,-04:00,2026-05-06T19:49:35-04:00,0,2
static\projects\pset3.html,82,html,caf9423f,Rodrigo Gallardo,2026-05-06,19:49:35,-04:00,2026-05-06T19:49:35-04:00,0,110
static\projects\pset3.html,83,html,caf9423f,Rodrigo Gallardo,2026-05-06,19:49:35,-04:00,2026-05-06T19:49:35-04:00,0,112
static\projects\pset3.html,84,html,caf9423f,Rodrigo Gallardo,2026-05-06,19:49:35,-04:00,2026-05-06T19:49:35-04:00,0,102
static\projects\pset3.html,85,html,caf9423f,Rodrigo Gallardo,2026-05-06,19:49:35,-04:00,2026-05-06T19:49:35-04:00,0,3
static\projects\pset3.html,86,html,caf9423f,Rodrigo Gallardo,2026-05-06,19:49:35,-04:00,2026-05-06T19:49:35-04:00,0,0
static\projects\pset3.html,87,html,caf9423f,Rodrigo Gallardo,2026-05-06,19:49:35,-04:00,2026-05-06T19:49:35-04:00,0,15
static\projects\pset3.html,88,html,caf9423f,Rodrigo Gallardo,2026-05-06,19:49:35,-04:00,2026-05-06T19:49:35-04:00,0,91
static\projects\pset3.html,89,html,caf9423f,Rodrigo Gallardo,2026-05-06,19:49:35,-04:00,2026-05-06T19:49:35-04:00,0,97
static\projects\pset3.html,90,html,caf9423f,Rodrigo Gallardo,2026-05-06,19:49:35,-04:00,2026-05-06T19:49:35-04:00,0,3
static\projects\pset3.html,91,html,caf9423f,Rodrigo Gallardo,2026-05-06,19:49:35,-04:00,2026-05-06T19:49:35-04:00,0,9
static\projects\pset3.html,92,html,caf9423f,Rodrigo Gallardo,2026-05-06,19:49:35,-04:00,2026-05-06T19:49:35-04:00,0,0
static\projects\pset3.html,93,html,caf9423f,Rodrigo Gallardo,2026-05-06,19:49:35,-04:00,2026-05-06T19:49:35-04:00,0,29
static\projects\pset3.html,94,html,caf9423f,Rodrigo Gallardo,2026-05-06,19:49:35,-04:00,2026-05-06T19:49:35-04:00,0,30
static\projects\pset3.html,95,html,caf9423f,Rodrigo Gallardo,2026-05-06,19:49:35,-04:00,2026-05-06T19:49:35-04:00,0,29
static\projects\pset3.html,96,html,caf9423f,Rodrigo Gallardo,2026-05-06,19:49:35,-04:00,2026-05-06T19:49:35-04:00,0,8
static\projects\pset3.html,97,html,caf9423f,Rodrigo Gallardo,2026-05-06,19:49:35,-04:00,2026-05-06T19:49:35-04:00,0,37
static\projects\pset3.html,98,html,caf9423f,Rodrigo Gallardo,2026-05-06,19:49:35,-04:00,2026-05-06T19:49:35-04:00,0,0
static\projects\pset3.html,99,html,caf9423f,Rodrigo Gallardo,2026-05-06,19:49:35,-04:00,2026-05-06T19:49:35-04:00,0,2
static\projects\pset3.html,100,html,caf9423f,Rodrigo Gallardo,2026-05-06,19:49:35,-04:00,2026-05-06T19:49:35-04:00,0,108
static\projects\pset3.html,101,html,caf9423f,Rodrigo Gallardo,2026-05-06,19:49:35,-04:00,2026-05-06T19:49:35-04:00,0,100
static\projects\pset3.html,102,html,caf9423f,Rodrigo Gallardo,2026-05-06,19:49:35,-04:00,2026-05-06T19:49:35-04:00,0,3
static\projects\pset3.html,103,html,caf9423f,Rodrigo Gallardo,2026-05-06,19:49:35,-04:00,2026-05-06T19:49:35-04:00,0,0
static\projects\pset3.html,104,html,caf9423f,Rodrigo Gallardo,2026-05-06,19:49:35,-04:00,2026-05-06T19:49:35-04:00,0,67
static\projects\pset3.html,105,html,caf9423f,Rodrigo Gallardo,2026-05-06,19:49:35,-04:00,2026-05-06T19:49:35-04:00,0,39
static\projects\pset3.html,106,html,caf9423f,Rodrigo Gallardo,2026-05-06,19:49:35,-04:00,2026-05-06T19:49:35-04:00,0,60
static\projects\pset3.html,107,html,caf9423f,Rodrigo Gallardo,2026-05-06,19:49:35,-04:00,2026-05-06T19:49:35-04:00,0,32
static\projects\pset3.html,108,html,caf9423f,Rodrigo Gallardo,2026-05-06,19:49:35,-04:00,2026-05-06T19:49:35-04:00,0,11
static\projects\pset3.html,109,html,caf9423f,Rodrigo Gallardo,2026-05-06,19:49:35,-04:00,2026-05-06T19:49:35-04:00,0,80
static\projects\pset3.html,110,html,caf9423f,Rodrigo Gallardo,2026-05-06,19:49:35,-04:00,2026-05-06T19:49:35-04:00,0,12
static\projects\pset3.html,111,html,caf9423f,Rodrigo Gallardo,2026-05-06,19:49:35,-04:00,2026-05-06T19:49:35-04:00,0,8
static\projects\pset3.html,112,html,caf9423f,Rodrigo Gallardo,2026-05-06,19:49:35,-04:00,2026-05-06T19:49:35-04:00,0,0
static\projects\pset3.html,113,html,caf9423f,Rodrigo Gallardo,2026-05-06,19:49:35,-04:00,2026-05-06T19:49:35-04:00,0,49
static\projects\pset3.html,114,html,caf9423f,Rodrigo Gallardo,2026-05-06,19:49:35,-04:00,2026-05-06T19:49:35-04:00,0,17
static\projects\pset3.html,115,html,caf9423f,Rodrigo Gallardo,2026-05-06,19:49:35,-04:00,2026-05-06T19:49:35-04:00,0,172
static\projects\pset3.html,116,html,caf9423f,Rodrigo Gallardo,2026-05-06,19:49:35,-04:00,2026-05-06T19:49:35-04:00,0,167
static\projects\pset3.html,117,html,caf9423f,Rodrigo Gallardo,2026-05-06,19:49:35,-04:00,2026-05-06T19:49:35-04:00,0,152
static\projects\pset3.html,118,html,caf9423f,Rodrigo Gallardo,2026-05-06,19:49:35,-04:00,2026-05-06T19:49:35-04:00,0,4
static\projects\pset3.html,119,html,caf9423f,Rodrigo Gallardo,2026-05-06,19:49:35,-04:00,2026-05-06T19:49:35-04:00,0,0
static\projects\pset3.html,120,html,caf9423f,Rodrigo Gallardo,2026-05-06,19:49:35,-04:00,2026-05-06T19:49:35-04:00,0,0
static\projects\pset3.html,121,html,caf9423f,Rodrigo Gallardo,2026-05-06,19:49:35,-04:00,2026-05-06T19:49:35-04:00,0,9
static\projects\pset3.html,122,html,caf9423f,Rodrigo Gallardo,2026-05-06,19:49:35,-04:00,2026-05-06T19:49:35-04:00,0,0
static\projects\pset3.html,123,html,caf9423f,Rodrigo Gallardo,2026-05-06,19:49:35,-04:00,2026-05-06T19:49:35-04:00,0,29
static\projects\pset3.html,124,html,caf9423f,Rodrigo Gallardo,2026-05-06,19:49:35,-04:00,2026-05-06T19:49:35-04:00,0,30
static\projects\pset3.html,125,html,caf9423f,Rodrigo Gallardo,2026-05-06,19:49:35,-04:00,2026-05-06T19:49:35-04:00,0,29
static\projects\pset3.html,126,html,caf9423f,Rodrigo Gallardo,2026-05-06,19:49:35,-04:00,2026-05-06T19:49:35-04:00,0,8
static\projects\pset3.html,127,html,caf9423f,Rodrigo Gallardo,2026-05-06,19:49:35,-04:00,2026-05-06T19:49:35-04:00,0,36
static\projects\pset3.html,128,html,caf9423f,Rodrigo Gallardo,2026-05-06,19:49:35,-04:00,2026-05-06T19:49:35-04:00,0,0
static\projects\pset3.html,129,html,caf9423f,Rodrigo Gallardo,2026-05-06,19:49:35,-04:00,2026-05-06T19:49:35-04:00,0,2
static\projects\pset3.html,130,html,caf9423f,Rodrigo Gallardo,2026-05-06,19:49:35,-04:00,2026-05-06T19:49:35-04:00,0,36
static\projects\pset3.html,131,html,caf9423f,Rodrigo Gallardo,2026-05-06,19:49:35,-04:00,2026-05-06T19:49:35-04:00,0,22
static\projects\pset3.html,132,html,caf9423f,Rodrigo Gallardo,2026-05-06,19:49:35,-04:00,2026-05-06T19:49:35-04:00,0,29
static\projects\pset3.html,133,html,caf9423f,Rodrigo Gallardo,2026-05-06,19:49:35,-04:00,2026-05-06T19:49:35-04:00,0,20
static\projects\pset3.html,134,html,caf9423f,Rodrigo Gallardo,2026-05-06,19:49:35,-04:00,2026-05-06T19:49:35-04:00,0,54
static\projects\pset3.html,135,html,caf9423f,Rodrigo Gallardo,2026-05-06,19:49:35,-04:00,2026-05-06T19:49:35-04:00,0,751
static\projects\pset3.html,136,html,caf9423f,Rodrigo Gallardo,2026-05-06,19:49:35,-04:00,2026-05-06T19:49:35-04:00,0,3
static\projects\pset3.html,137,html,caf9423f,Rodrigo Gallardo,2026-05-06,19:49:35,-04:00,2026-05-06T19:49:35-04:00,0,0
static\projects\pset3.html,138,html,caf9423f,Rodrigo Gallardo,2026-05-06,19:49:35,-04:00,2026-05-06T19:49:35-04:00,0,2
static\projects\pset3.html,139,html,caf9423f,Rodrigo Gallardo,2026-05-06,19:49:35,-04:00,2026-05-06T19:49:35-04:00,0,63
static\projects\pset3.html,140,html,caf9423f,Rodrigo Gallardo,2026-05-06,19:49:35,-04:00,2026-05-06T19:49:35-04:00,0,80
static\projects\pset3.html,141,html,caf9423f,Rodrigo Gallardo,2026-05-06,19:49:35,-04:00,2026-05-06T19:49:35-04:00,0,73
static\projects\pset3.html,142,html,caf9423f,Rodrigo Gallardo,2026-05-06,19:49:35,-04:00,2026-05-06T19:49:35-04:00,0,828
static\projects\pset3.html,143,html,caf9423f,Rodrigo Gallardo,2026-05-06,19:49:35,-04:00,2026-05-06T19:49:35-04:00,0,3
static\projects\pset3.html,144,html,caf9423f,Rodrigo Gallardo,2026-05-06,19:49:35,-04:00,2026-05-06T19:49:35-04:00,0,9
static\projects\pset3.html,145,html,caf9423f,Rodrigo Gallardo,2026-05-06,19:49:35,-04:00,2026-05-06T19:49:35-04:00,0,0
static\projects\pset3.html,146,html,caf9423f,Rodrigo Gallardo,2026-05-06,19:49:35,-04:00,2026-05-06T19:49:35-04:00,0,29
static\projects\pset3.html,147,html,caf9423f,Rodrigo Gallardo,2026-05-06,19:49:35,-04:00,2026-05-06T19:49:35-04:00,0,30
static\projects\pset3.html,148,html,caf9423f,Rodrigo Gallardo,2026-05-06,19:49:35,-04:00,2026-05-06T19:49:35-04:00,0,29
static\projects\pset3.html,149,html,caf9423f,Rodrigo Gallardo,2026-05-06,19:49:35,-04:00,2026-05-06T19:49:35-04:00,0,8
static\projects\pset3.html,150,html,caf9423f,Rodrigo Gallardo,2026-05-06,19:49:35,-04:00,2026-05-06T19:49:35-04:00,0,35
static\projects\pset3.html,151,html,caf9423f,Rodrigo Gallardo,2026-05-06,19:49:35,-04:00,2026-05-06T19:49:35-04:00,0,0
static\projects\pset3.html,152,html,caf9423f,Rodrigo Gallardo,2026-05-06,19:49:35,-04:00,2026-05-06T19:49:35-04:00,0,2
static\projects\pset3.html,153,html,caf9423f,Rodrigo Gallardo,2026-05-06,19:49:35,-04:00,2026-05-06T19:49:35-04:00,0,117
static\projects\pset3.html,154,html,caf9423f,Rodrigo Gallardo,2026-05-06,19:49:35,-04:00,2026-05-06T19:49:35-04:00,0,114
static\projects\pset3.html,155,html,caf9423f,Rodrigo Gallardo,2026-05-06,19:49:35,-04:00,2026-05-06T19:49:35-04:00,0,117
static\projects\pset3.html,156,html,caf9423f,Rodrigo Gallardo,2026-05-06,19:49:35,-04:00,2026-05-06T19:49:35-04:00,0,35
static\projects\pset3.html,157,html,caf9423f,Rodrigo Gallardo,2026-05-06,19:49:35,-04:00,2026-05-06T19:49:35-04:00,0,3
static\projects\pset3.html,158,html,caf9423f,Rodrigo Gallardo,2026-05-06,19:49:35,-04:00,2026-05-06T19:49:35-04:00,0,0
static\projects\pset3.html,159,html,caf9423f,Rodrigo Gallardo,2026-05-06,19:49:35,-04:00,2026-05-06T19:49:35-04:00,0,36
static\projects\pset3.html,160,html,caf9423f,Rodrigo Gallardo,2026-05-06,19:49:35,-04:00,2026-05-06T19:49:35-04:00,0,16
static\projects\pset3.html,161,html,caf9423f,Rodrigo Gallardo,2026-05-06,19:49:35,-04:00,2026-05-06T19:49:35-04:00,0,20
static\projects\pset3.html,162,html,caf9423f,Rodrigo Gallardo,2026-05-06,19:49:35,-04:00,2026-05-06T19:49:35-04:00,0,67
static\projects\pset3.html,163,html,caf9423f,Rodrigo Gallardo,2026-05-06,19:49:35,-04:00,2026-05-06T19:49:35-04:00,0,11
static\projects\pset3.html,164,html,caf9423f,Rodrigo Gallardo,2026-05-06,19:49:35,-04:00,2026-05-06T19:49:35-04:00,0,132
static\projects\pset3.html,165,html,caf9423f,Rodrigo Gallardo,2026-05-06,19:49:35,-04:00,2026-05-06T19:49:35-04:00,0,12
static\projects\pset3.html,166,html,caf9423f,Rodrigo Gallardo,2026-05-06,19:49:35,-04:00,2026-05-06T19:49:35-04:00,0,8
static\projects\pset3.html,167,html,caf9423f,Rodrigo Gallardo,2026-05-06,19:49:35,-04:00,2026-05-06T19:49:35-04:00,0,0
static\projects\pset3.html,168,html,caf9423f,Rodrigo Gallardo,2026-05-06,19:49:35,-04:00,2026-05-06T19:49:35-04:00,0,17
static\projects\pset3.html,169,html,caf9423f,Rodrigo Gallardo,2026-05-06,19:49:35,-04:00,2026-05-06T19:49:35-04:00,0,160
static\projects\pset3.html,170,html,caf9423f,Rodrigo Gallardo,2026-05-06,19:49:35,-04:00,2026-05-06T19:49:35-04:00,0,221
static\projects\pset3.html,171,html,caf9423f,Rodrigo Gallardo,2026-05-06,19:49:35,-04:00,2026-05-06T19:49:35-04:00,0,180
static\projects\pset3.html,172,html,caf9423f,Rodrigo Gallardo,2026-05-06,19:49:35,-04:00,2026-05-06T19:49:35-04:00,0,199
static\projects\pset3.html,173,html,caf9423f,Rodrigo Gallardo,2026-05-06,19:49:35,-04:00,2026-05-06T19:49:35-04:00,0,185
static\projects\pset3.html,174,html,caf9423f,Rodrigo Gallardo,2026-05-06,19:49:35,-04:00,2026-05-06T19:49:35-04:00,0,4
static\projects\pset3.html,175,html,caf9423f,Rodrigo Gallardo,2026-05-06,19:49:35,-04:00,2026-05-06T19:49:35-04:00,0,0
static\projects\pset3.html,176,html,caf9423f,Rodrigo Gallardo,2026-05-06,19:49:35,-04:00,2026-05-06T19:49:35-04:00,0,16
static\projects\pset3.html,177,html,caf9423f,Rodrigo Gallardo,2026-05-06,19:49:35,-04:00,2026-05-06T19:49:35-04:00,0,20
static\projects\pset3.html,178,html,caf9423f,Rodrigo Gallardo,2026-05-06,19:49:35,-04:00,2026-05-06T19:49:35-04:00,0,67
static\projects\pset3.html,179,html,caf9423f,Rodrigo Gallardo,2026-05-06,19:49:35,-04:00,2026-05-06T19:49:35-04:00,0,11
static\projects\pset3.html,180,html,caf9423f,Rodrigo Gallardo,2026-05-06,19:49:35,-04:00,2026-05-06T19:49:35-04:00,0,124
static\projects\pset3.html,181,html,caf9423f,Rodrigo Gallardo,2026-05-06,19:49:35,-04:00,2026-05-06T19:49:35-04:00,0,12
static\projects\pset3.html,182,html,caf9423f,Rodrigo Gallardo,2026-05-06,19:49:35,-04:00,2026-05-06T19:49:35-04:00,0,8
static\projects\pset3.html,183,html,caf9423f,Rodrigo Gallardo,2026-05-06,19:49:35,-04:00,2026-05-06T19:49:35-04:00,0,0
static\projects\pset3.html,184,html,caf9423f,Rodrigo Gallardo,2026-05-06,19:49:35,-04:00,2026-05-06T19:49:35-04:00,0,17
static\projects\pset3.html,185,html,caf9423f,Rodrigo Gallardo,2026-05-06,19:49:35,-04:00,2026-05-06T19:49:35-04:00,0,151
static\projects\pset3.html,186,html,caf9423f,Rodrigo Gallardo,2026-05-06,19:49:35,-04:00,2026-05-06T19:49:35-04:00,0,182
static\projects\pset3.html,187,html,caf9423f,Rodrigo Gallardo,2026-05-06,19:49:35,-04:00,2026-05-06T19:49:35-04:00,0,186
static\projects\pset3.html,188,html,caf9423f,Rodrigo Gallardo,2026-05-06,19:49:35,-04:00,2026-05-06T19:49:35-04:00,0,155
static\projects\pset3.html,189,html,caf9423f,Rodrigo Gallardo,2026-05-06,19:49:35,-04:00,2026-05-06T19:49:35-04:00,0,181
static\projects\pset3.html,190,html,caf9423f,Rodrigo Gallardo,2026-05-06,19:49:35,-04:00,2026-05-06T19:49:35-04:00,0,4
static\projects\pset3.html,191,html,caf9423f,Rodrigo Gallardo,2026-05-06,19:49:35,-04:00,2026-05-06T19:49:35-04:00,0,0
static\projects\pset3.html,192,html,caf9423f,Rodrigo Gallardo,2026-05-06,19:49:35,-04:00,2026-05-06T19:49:35-04:00,0,16
static\projects\pset3.html,193,html,caf9423f,Rodrigo Gallardo,2026-05-06,19:49:35,-04:00,2026-05-06T19:49:35-04:00,0,20
static\projects\pset3.html,194,html,caf9423f,Rodrigo Gallardo,2026-05-06,19:49:35,-04:00,2026-05-06T19:49:35-04:00,0,65
static\projects\pset3.html,195,html,caf9423f,Rodrigo Gallardo,2026-05-06,19:49:35,-04:00,2026-05-06T19:49:35-04:00,0,11
static\projects\pset3.html,196,html,caf9423f,Rodrigo Gallardo,2026-05-06,19:49:35,-04:00,2026-05-06T19:49:35-04:00,0,119
static\projects\pset3.html,197,html,caf9423f,Rodrigo Gallardo,2026-05-06,19:49:35,-04:00,2026-05-06T19:49:35-04:00,0,12
static\projects\pset3.html,198,html,caf9423f,Rodrigo Gallardo,2026-05-06,19:49:35,-04:00,2026-05-06T19:49:35-04:00,0,8
static\projects\pset3.html,199,html,caf9423f,Rodrigo Gallardo,2026-05-06,19:49:35,-04:00,2026-05-06T19:49:35-04:00,0,0
static\projects\pset3.html,200,html,caf9423f,Rodrigo Gallardo,2026-05-06,19:49:35,-04:00,2026-05-06T19:49:35-04:00,0,17
static\projects\pset3.html,201,html,caf9423f,Rodrigo Gallardo,2026-05-06,19:49:35,-04:00,2026-05-06T19:49:35-04:00,0,153
static\projects\pset3.html,202,html,caf9423f,Rodrigo Gallardo,2026-05-06,19:49:35,-04:00,2026-05-06T19:49:35-04:00,0,187
static\projects\pset3.html,203,html,caf9423f,Rodrigo Gallardo,2026-05-06,19:49:35,-04:00,2026-05-06T19:49:35-04:00,0,177
static\projects\pset3.html,204,html,caf9423f,Rodrigo Gallardo,2026-05-06,19:49:35,-04:00,2026-05-06T19:49:35-04:00,0,157
static\projects\pset3.html,205,html,caf9423f,Rodrigo Gallardo,2026-05-06,19:49:35,-04:00,2026-05-06T19:49:35-04:00,0,187
static\projects\pset3.html,206,html,caf9423f,Rodrigo Gallardo,2026-05-06,19:49:35,-04:00,2026-05-06T19:49:35-04:00,0,4
static\projects\pset3.html,207,html,caf9423f,Rodrigo Gallardo,2026-05-06,19:49:35,-04:00,2026-05-06T19:49:35-04:00,0,0
static\projects\pset3.html,208,html,caf9423f,Rodrigo Gallardo,2026-05-06,19:49:35,-04:00,2026-05-06T19:49:35-04:00,0,55
static\projects\pset3.html,209,html,caf9423f,Rodrigo Gallardo,2026-05-06,19:49:35,-04:00,2026-05-06T19:49:35-04:00,0,3
static\projects\pset3.html,210,html,caf9423f,Rodrigo Gallardo,2026-05-06,19:49:35,-04:00,2026-05-06T19:49:35-04:00,0,21
static\projects\pset3.html,211,html,caf9423f,Rodrigo Gallardo,2026-05-06,19:49:35,-04:00,2026-05-06T19:49:35-04:00,0,7
static\projects\pset3.html,212,html,caf9423f,Rodrigo Gallardo,2026-05-06,19:49:35,-04:00,2026-05-06T19:49:35-04:00,0,58
static\projects\pset3.html,213,html,caf9423f,Rodrigo Gallardo,2026-05-06,19:49:35,-04:00,2026-05-06T19:49:35-04:00,0,32
static\projects\pset3.html,214,html,caf9423f,Rodrigo Gallardo,2026-05-06,19:49:35,-04:00,2026-05-06T19:49:35-04:00,0,8
static\projects\pset3.html,215,html,caf9423f,Rodrigo Gallardo,2026-05-06,19:49:35,-04:00,2026-05-06T19:49:35-04:00,0,7
static\projects\pset3.html,216,html,caf9423f,Rodrigo Gallardo,2026-05-06,19:49:35,-04:00,2026-05-06T19:49:35-04:00,0,58
static\projects\pset3.html,217,html,caf9423f,Rodrigo Gallardo,2026-05-06,19:49:35,-04:00,2026-05-06T19:49:35-04:00,0,32
static\projects\pset3.html,218,html,caf9423f,Rodrigo Gallardo,2026-05-06,19:49:35,-04:00,2026-05-06T19:49:35-04:00,0,8
static\projects\pset3.html,219,html,caf9423f,Rodrigo Gallardo,2026-05-06,19:49:35,-04:00,2026-05-06T19:49:35-04:00,0,5
static\projects\pset3.html,220,html,caf9423f,Rodrigo Gallardo,2026-05-06,19:49:35,-04:00,2026-05-06T19:49:35-04:00,0,20
static\projects\pset3.html,221,html,caf9423f,Rodrigo Gallardo,2026-05-06,19:49:35,-04:00,2026-05-06T19:49:35-04:00,0,58
static\projects\pset3.html,222,html,caf9423f,Rodrigo Gallardo,2026-05-06,19:49:35,-04:00,2026-05-06T19:49:35-04:00,0,32
static\projects\pset3.html,223,html,caf9423f,Rodrigo Gallardo,2026-05-06,19:49:35,-04:00,2026-05-06T19:49:35-04:00,0,8
static\projects\pset3.html,224,html,caf9423f,Rodrigo Gallardo,2026-05-06,19:49:35,-04:00,2026-05-06T19:49:35-04:00,0,2
static\projects\pset3.html,225,html,caf9423f,Rodrigo Gallardo,2026-05-06,19:49:35,-04:00,2026-05-06T19:49:35-04:00,0,9
static\projects\pset3.html,226,html,caf9423f,Rodrigo Gallardo,2026-05-06,19:49:35,-04:00,2026-05-06T19:49:35-04:00,0,0
static\projects\pset3.html,227,html,caf9423f,Rodrigo Gallardo,2026-05-06,19:49:35,-04:00,2026-05-06T19:49:35-04:00,0,29
static\projects\pset3.html,228,html,caf9423f,Rodrigo Gallardo,2026-05-06,19:49:35,-04:00,2026-05-06T19:49:35-04:00,0,30
static\projects\pset3.html,229,html,caf9423f,Rodrigo Gallardo,2026-05-06,19:49:35,-04:00,2026-05-06T19:49:35-04:00,0,29
static\projects\pset3.html,230,html,caf9423f,Rodrigo Gallardo,2026-05-06,19:49:35,-04:00,2026-05-06T19:49:35-04:00,0,8
static\projects\pset3.html,231,html,caf9423f,Rodrigo Gallardo,2026-05-06,19:49:35,-04:00,2026-05-06T19:49:35-04:00,0,30
static\projects\pset3.html,232,html,caf9423f,Rodrigo Gallardo,2026-05-06,19:49:35,-04:00,2026-05-06T19:49:35-04:00,0,0
static\projects\pset3.html,233,html,caf9423f,Rodrigo Gallardo,2026-05-06,19:49:35,-04:00,2026-05-06T19:49:35-04:00,0,2
static\projects\pset3.html,234,html,caf9423f,Rodrigo Gallardo,2026-05-06,19:49:35,-04:00,2026-05-06T19:49:35-04:00,0,120
static\projects\pset3.html,235,html,caf9423f,Rodrigo Gallardo,2026-05-06,19:49:35,-04:00,2026-05-06T19:49:35-04:00,0,122
static\projects\pset3.html,236,html,caf9423f,Rodrigo Gallardo,2026-05-06,19:49:35,-04:00,2026-05-06T19:49:35-04:00,0,62
static\projects\pset3.html,237,html,caf9423f,Rodrigo Gallardo,2026-05-06,19:49:35,-04:00,2026-05-06T19:49:35-04:00,0,3
static\projects\pset3.html,238,html,caf9423f,Rodrigo Gallardo,2026-05-06,19:49:35,-04:00,2026-05-06T19:49:35-04:00,0,0
static\projects\pset3.html,239,html,caf9423f,Rodrigo Gallardo,2026-05-06,19:49:35,-04:00,2026-05-06T19:49:35-04:00,0,7
static\projects\pset3.html,240,html,caf9423f,Rodrigo Gallardo,2026-05-06,19:49:35,-04:00,2026-05-06T19:49:35-04:00,0,82
static\projects\pset3.html,241,html,caf9423f,Rodrigo Gallardo,2026-05-06,19:49:35,-04:00,2026-05-06T19:49:35-04:00,0,11
static\projects\pset3.html,242,html,caf9423f,Rodrigo Gallardo,2026-05-06,19:49:35,-04:00,2026-05-06T19:49:35-04:00,0,14
static\projects\pset3.html,243,html,caf9423f,Rodrigo Gallardo,2026-05-06,19:49:35,-04:00,2026-05-06T19:49:35-04:00,0,12
static\projects\pset3.html,244,html,caf9423f,Rodrigo Gallardo,2026-05-06,19:49:35,-04:00,2026-05-06T19:49:35-04:00,0,8
static\projects\pset3.html,245,html,caf9423f,Rodrigo Gallardo,2026-05-06,19:49:35,-04:00,2026-05-06T19:49:35-04:00,0,0
static\projects\pset3.html,246,html,caf9423f,Rodrigo Gallardo,2026-05-06,19:49:35,-04:00,2026-05-06T19:49:35-04:00,0,26
static\projects\pset3.html,247,html,caf9423f,Rodrigo Gallardo,2026-05-06,19:49:35,-04:00,2026-05-06T19:49:35-04:00,0,0
static\projects\pset3.html,248,html,caf9423f,Rodrigo Gallardo,2026-05-06,19:49:35,-04:00,2026-05-06T19:49:35-04:00,0,2
static\projects\pset3.html,249,html,caf9423f,Rodrigo Gallardo,2026-05-06,19:49:35,-04:00,2026-05-06T19:49:35-04:00,0,143
static\projects\pset3.html,250,html,caf9423f,Rodrigo Gallardo,2026-05-06,19:49:35,-04:00,2026-05-06T19:49:35-04:00,0,147
static\projects\pset3.html,251,html,caf9423f,Rodrigo Gallardo,2026-05-06,19:49:35,-04:00,2026-05-06T19:49:35-04:00,0,144
static\projects\pset3.html,252,html,caf9423f,Rodrigo Gallardo,2026-05-06,19:49:35,-04:00,2026-05-06T19:49:35-04:00,0,146
static\projects\pset3.html,253,html,caf9423f,Rodrigo Gallardo,2026-05-06,19:49:35,-04:00,2026-05-06T19:49:35-04:00,0,145
static\projects\pset3.html,254,html,caf9423f,Rodrigo Gallardo,2026-05-06,19:49:35,-04:00,2026-05-06T19:49:35-04:00,0,146
static\projects\pset3.html,255,html,caf9423f,Rodrigo Gallardo,2026-05-06,19:49:35,-04:00,2026-05-06T19:49:35-04:00,0,147
static\projects\pset3.html,256,html,caf9423f,Rodrigo Gallardo,2026-05-06,19:49:35,-04:00,2026-05-06T19:49:35-04:00,0,127
static\projects\pset3.html,257,html,caf9423f,Rodrigo Gallardo,2026-05-06,19:49:35,-04:00,2026-05-06T19:49:35-04:00,0,3
static\projects\pset3.html,258,html,caf9423f,Rodrigo Gallardo,2026-05-06,19:49:35,-04:00,2026-05-06T19:49:35-04:00,0,0
static\projects\pset3.html,259,html,caf9423f,Rodrigo Gallardo,2026-05-06,19:49:35,-04:00,2026-05-06T19:49:35-04:00,0,2
static\projects\pset3.html,260,html,caf9423f,Rodrigo Gallardo,2026-05-06,19:49:35,-04:00,2026-05-06T19:49:35-04:00,0,144
static\projects\pset3.html,261,html,caf9423f,Rodrigo Gallardo,2026-05-06,19:49:35,-04:00,2026-05-06T19:49:35-04:00,0,143
static\projects\pset3.html,262,html,caf9423f,Rodrigo Gallardo,2026-05-06,19:49:35,-04:00,2026-05-06T19:49:35-04:00,0,152
static\projects\pset3.html,263,html,caf9423f,Rodrigo Gallardo,2026-05-06,19:49:35,-04:00,2026-05-06T19:49:35-04:00,0,151
static\projects\pset3.html,264,html,caf9423f,Rodrigo Gallardo,2026-05-06,19:49:35,-04:00,2026-05-06T19:49:35-04:00,0,149
static\projects\pset3.html,265,html,caf9423f,Rodrigo Gallardo,2026-05-06,19:49:35,-04:00,2026-05-06T19:49:35-04:00,0,147
static\projects\pset3.html,266,html,caf9423f,Rodrigo Gallardo,2026-05-06,19:49:35,-04:00,2026-05-06T19:49:35-04:00,0,147
static\projects\pset3.html,267,html,caf9423f,Rodrigo Gallardo,2026-05-06,19:49:35,-04:00,2026-05-06T19:49:35-04:00,0,132
static\projects\pset3.html,268,html,caf9423f,Rodrigo Gallardo,2026-05-06,19:49:35,-04:00,2026-05-06T19:49:35-04:00,0,3
static\projects\pset3.html,269,html,caf9423f,Rodrigo Gallardo,2026-05-06,19:49:35,-04:00,2026-05-06T19:49:35-04:00,0,0
static\projects\pset3.html,270,html,caf9423f,Rodrigo Gallardo,2026-05-06,19:49:35,-04:00,2026-05-06T19:49:35-04:00,0,32
static\projects\pset3.html,271,html,caf9423f,Rodrigo Gallardo,2026-05-06,19:49:35,-04:00,2026-05-06T19:49:35-04:00,0,17
static\projects\pset3.html,272,html,caf9423f,Rodrigo Gallardo,2026-05-06,19:49:35,-04:00,2026-05-06T19:49:35-04:00,0,140
static\projects\pset3.html,273,html,caf9423f,Rodrigo Gallardo,2026-05-06,19:49:35,-04:00,2026-05-06T19:49:35-04:00,0,92
static\projects\pset3.html,274,html,caf9423f,Rodrigo Gallardo,2026-05-06,19:49:35,-04:00,2026-05-06T19:49:35-04:00,0,106
static\projects\pset3.html,275,html,caf9423f,Rodrigo Gallardo,2026-05-06,19:49:35,-04:00,2026-05-06T19:49:35-04:00,0,130
static\projects\pset3.html,276,html,caf9423f,Rodrigo Gallardo,2026-05-06,19:49:35,-04:00,2026-05-06T19:49:35-04:00,0,4
static\projects\pset3.html,277,html,caf9423f,Rodrigo Gallardo,2026-05-06,19:49:35,-04:00,2026-05-06T19:49:35-04:00,0,9
static\projects\pset3.html,278,html,caf9423f,Rodrigo Gallardo,2026-05-06,19:49:35,-04:00,2026-05-06T19:49:35-04:00,0,0
static\projects\pset3.html,279,html,caf9423f,Rodrigo Gallardo,2026-05-06,19:49:35,-04:00,2026-05-06T19:49:35-04:00,0,29
static\projects\pset3.html,280,html,caf9423f,Rodrigo Gallardo,2026-05-06,19:49:35,-04:00,2026-05-06T19:49:35-04:00,0,32
static\projects\pset3.html,281,html,caf9423f,Rodrigo Gallardo,2026-05-06,19:49:35,-04:00,2026-05-06T19:49:35-04:00,0,29
static\projects\pset3.html,282,html,caf9423f,Rodrigo Gallardo,2026-05-06,19:49:35,-04:00,2026-05-06T19:49:35-04:00,0,8
static\projects\pset3.html,283,html,caf9423f,Rodrigo Gallardo,2026-05-06,19:49:35,-04:00,2026-05-06T19:49:35-04:00,0,21
static\projects\pset3.html,284,html,caf9423f,Rodrigo Gallardo,2026-05-06,19:49:35,-04:00,2026-05-06T19:49:35-04:00,0,17
static\projects\pset3.html,285,html,caf9423f,Rodrigo Gallardo,2026-05-06,19:49:35,-04:00,2026-05-06T19:49:35-04:00,0,94
static\projects\pset3.html,286,html,caf9423f,Rodrigo Gallardo,2026-05-06,19:49:35,-04:00,2026-05-06T19:49:35-04:00,0,68
static\projects\pset3.html,287,html,caf9423f,Rodrigo Gallardo,2026-05-06,19:49:35,-04:00,2026-05-06T19:49:35-04:00,0,4
static\projects\pset3.html,288,html,caf9423f,Rodrigo Gallardo,2026-05-06,19:49:35,-04:00,2026-05-06T19:49:35-04:00,0,9
static\projects\pset3.html,289,html,caf9423f,Rodrigo Gallardo,2026-05-06,19:49:35,-04:00,2026-05-06T19:49:35-04:00,0,0
static\projects\pset3.html,290,html,caf9423f,Rodrigo Gallardo,2026-05-06,19:49:35,-04:00,2026-05-06T19:49:35-04:00,0,6
static\projects\pset3.html,291,html,caf9423f,Rodrigo Gallardo,2026-05-06,19:49:35,-04:00,2026-05-06T19:49:35-04:00,0,0
static\projects\pset3.html,292,html,caf9423f,Rodrigo Gallardo,2026-05-06,19:49:35,-04:00,2026-05-06T19:49:35-04:00,0,7
static\projects\pset3.html,293,html,caf9423f,Rodrigo Gallardo,2026-05-06,19:49:35,-04:00,2026-05-06T19:49:35-04:00,0,34
static\projects\pset3.html,294,html,caf9423f,Rodrigo Gallardo,2026-05-06,19:49:35,-04:00,2026-05-06T19:49:35-04:00,0,8
static\projects\pset3.html,295,html,caf9423f,Rodrigo Gallardo,2026-05-06,19:49:35,-04:00,2026-05-06T19:49:35-04:00,0,6
static\projects\pset3.html,296,html,caf9423f,Rodrigo Gallardo,2026-05-06,19:49:35,-04:00,2026-05-06T19:49:35-04:00,0,6
static\projects\pset2.html,1,html,caf9423f,Rodrigo Gallardo,2026-05-06,19:49:35,-04:00,2026-05-06T19:49:35-04:00,0,0
static\projects\pset2.html,2,html,caf9423f,Rodrigo Gallardo,2026-05-06,19:49:35,-04:00,2026-05-06T19:49:35-04:00,0,14
static\projects\pset2.html,3,html,caf9423f,Rodrigo Gallardo,2026-05-06,19:49:35,-04:00,2026-05-06T19:49:35-04:00,0,15
static\projects\pset2.html,4,html,caf9423f,Rodrigo Gallardo,2026-05-06,19:49:35,-04:00,2026-05-06T19:49:35-04:00,0,5
static\projects\pset2.html,5,html,caf9423f,Rodrigo Gallardo,2026-05-06,19:49:35,-04:00,2026-05-06T19:49:35-04:00,1,40
static\projects\pset2.html,6,html,caf9423f,Rodrigo Gallardo,2026-05-06,19:49:35,-04:00,2026-05-06T19:49:35-04:00,1,84
static\projects\pset2.html,7,html,caf9423f,Rodrigo Gallardo,2026-05-06,19:49:35,-04:00,2026-05-06T19:49:35-04:00,0,6
static\projects\pset2.html,8,html,caf9423f,Rodrigo Gallardo,2026-05-06,19:49:35,-04:00,2026-05-06T19:49:35-04:00,0,11
static\projects\pset2.html,9,html,caf9423f,Rodrigo Gallardo,2026-05-06,19:49:35,-04:00,2026-05-06T19:49:35-04:00,0,15
static\projects\pset2.html,10,html,caf9423f,Rodrigo Gallardo,2026-05-06,19:49:35,-04:00,2026-05-06T19:49:35-04:00,0,12
static\projects\pset2.html,11,html,caf9423f,Rodrigo Gallardo,2026-05-06,19:49:35,-04:00,2026-05-06T19:49:35-04:00,0,14
static\projects\pset2.html,12,html,caf9423f,Rodrigo Gallardo,2026-05-06,19:49:35,-04:00,2026-05-06T19:49:35-04:00,0,0
static\projects\pset2.html,13,html,caf9423f,Rodrigo Gallardo,2026-05-06,19:49:35,-04:00,2026-05-06T19:49:35-04:00,0,0
static\projects\pset2.html,14,html,caf9423f,Rodrigo Gallardo,2026-05-06,19:49:35,-04:00,2026-05-06T19:49:35-04:00,0,48
static\projects\pset2.html,15,html,caf9423f,Rodrigo Gallardo,2026-05-06,19:49:35,-04:00,2026-05-06T19:49:35-04:00,0,12
static\projects\pset2.html,16,html,caf9423f,Rodrigo Gallardo,2026-05-06,19:49:35,-04:00,2026-05-06T19:49:35-04:00,0,14
static\projects\pset2.html,17,html,caf9423f,Rodrigo Gallardo,2026-05-06,19:49:35,-04:00,2026-05-06T19:49:35-04:00,0,17
static\projects\pset2.html,18,html,caf9423f,Rodrigo Gallardo,2026-05-06,19:49:35,-04:00,2026-05-06T19:49:35-04:00,0,0
static\projects\pset2.html,19,html,caf9423f,Rodrigo Gallardo,2026-05-06,19:49:35,-04:00,2026-05-06T19:49:35-04:00,0,0
static\projects\pset2.html,20,html,caf9423f,Rodrigo Gallardo,2026-05-06,19:49:35,-04:00,2026-05-06T19:49:35-04:00,0,16
static\projects\pset2.html,21,html,caf9423f,Rodrigo Gallardo,2026-05-06,19:49:35,-04:00,2026-05-06T19:49:35-04:00,0,11
static\projects\pset2.html,22,html,caf9423f,Rodrigo Gallardo,2026-05-06,19:49:35,-04:00,2026-05-06T19:49:35-04:00,0,0
static\projects\pset2.html,23,html,caf9423f,Rodrigo Gallardo,2026-05-06,19:49:35,-04:00,2026-05-06T19:49:35-04:00,0,0
static\projects\pset2.html,24,html,caf9423f,Rodrigo Gallardo,2026-05-06,19:49:35,-04:00,2026-05-06T19:49:35-04:00,0,18
static\projects\pset2.html,25,html,caf9423f,Rodrigo Gallardo,2026-05-06,19:49:35,-04:00,2026-05-06T19:49:35-04:00,0,55
static\projects\pset2.html,26,html,caf9423f,Rodrigo Gallardo,2026-05-06,19:49:35,-04:00,2026-05-06T19:49:35-04:00,0,0
static\projects\pset2.html,27,html,caf9423f,Rodrigo Gallardo,2026-05-06,19:49:35,-04:00,2026-05-06T19:49:35-04:00,0,7
static\projects\pset2.html,28,html,caf9423f,Rodrigo Gallardo,2026-05-06,19:49:35,-04:00,2026-05-06T19:49:35-04:00,0,6
static\projects\pset2.html,29,html,caf9423f,Rodrigo Gallardo,2026-05-06,19:49:35,-04:00,2026-05-06T19:49:35-04:00,0,0
static\projects\pset2.html,30,html,caf9423f,Rodrigo Gallardo,2026-05-06,19:49:35,-04:00,2026-05-06T19:49:35-04:00,0,5
static\projects\pset2.html,31,html,caf9423f,Rodrigo Gallardo,2026-05-06,19:49:35,-04:00,2026-05-06T19:49:35-04:00,1,7
static\projects\pset2.html,32,html,caf9423f,Rodrigo Gallardo,2026-05-06,19:49:35,-04:00,2026-05-06T19:49:35-04:00,2,3
static\projects\pset2.html,33,html,caf9423f,Rodrigo Gallardo,2026-05-06,19:49:35,-04:00,2026-05-06T19:49:35-04:00,3,26
static\projects\pset2.html,34,html,caf9423f,Rodrigo Gallardo,2026-05-06,19:49:35,-04:00,2026-05-06T19:49:35-04:00,3,60
static\projects\pset2.html,35,html,caf9423f,Rodrigo Gallardo,2026-05-06,19:49:35,-04:00,2026-05-06T19:49:35-04:00,2,4
static\projects\pset2.html,36,html,caf9423f,Rodrigo Gallardo,2026-05-06,19:49:35,-04:00,2026-05-06T19:49:35-04:00,0,0
static\projects\pset2.html,37,html,caf9423f,Rodrigo Gallardo,2026-05-06,19:49:35,-04:00,2026-05-06T19:49:35-04:00,2,2
static\projects\pset2.html,38,html,caf9423f,Rodrigo Gallardo,2026-05-06,19:49:35,-04:00,2026-05-06T19:49:35-04:00,3,60
static\projects\pset2.html,39,html,caf9423f,Rodrigo Gallardo,2026-05-06,19:49:35,-04:00,2026-05-06T19:49:35-04:00,2,3
static\projects\pset2.html,40,html,caf9423f,Rodrigo Gallardo,2026-05-06,19:49:35,-04:00,2026-05-06T19:49:35-04:00,1,8
static\projects\pset2.html,41,html,caf9423f,Rodrigo Gallardo,2026-05-06,19:49:35,-04:00,2026-05-06T19:49:35-04:00,1,5
static\projects\pset2.html,42,html,caf9423f,Rodrigo Gallardo,2026-05-06,19:49:35,-04:00,2026-05-06T19:49:35-04:00,0,0
static\projects\pset2.html,43,html,caf9423f,Rodrigo Gallardo,2026-05-06,19:49:35,-04:00,2026-05-06T19:49:35-04:00,0,29
static\projects\pset2.html,44,html,caf9423f,Rodrigo Gallardo,2026-05-06,19:49:35,-04:00,2026-05-06T19:49:35-04:00,0,30
static\projects\pset2.html,45,html,caf9423f,Rodrigo Gallardo,2026-05-06,19:49:35,-04:00,2026-05-06T19:49:35-04:00,0,29
static\projects\pset2.html,46,html,caf9423f,Rodrigo Gallardo,2026-05-06,19:49:35,-04:00,2026-05-06T19:49:35-04:00,0,0
static\projects\pset2.html,47,html,caf9423f,Rodrigo Gallardo,2026-05-06,19:49:35,-04:00,2026-05-06T19:49:35-04:00,2,8
static\projects\pset2.html,48,html,caf9423f,Rodrigo Gallardo,2026-05-06,19:49:35,-04:00,2026-05-06T19:49:35-04:00,3,49
static\projects\pset2.html,49,html,caf9423f,Rodrigo Gallardo,2026-05-06,19:49:35,-04:00,2026-05-06T19:49:35-04:00,0,0
static\projects\pset2.html,50,html,caf9423f,Rodrigo Gallardo,2026-05-06,19:49:35,-04:00,2026-05-06T19:49:35-04:00,3,2
static\projects\pset2.html,51,html,caf9423f,Rodrigo Gallardo,2026-05-06,19:49:35,-04:00,2026-05-06T19:49:35-04:00,3,811
static\projects\pset2.html,52,html,caf9423f,Rodrigo Gallardo,2026-05-06,19:49:35,-04:00,2026-05-06T19:49:35-04:00,3,3
static\projects\pset2.html,53,html,caf9423f,Rodrigo Gallardo,2026-05-06,19:49:35,-04:00,2026-05-06T19:49:35-04:00,0,0
static\projects\pset2.html,54,html,caf9423f,Rodrigo Gallardo,2026-05-06,19:49:35,-04:00,2026-05-06T19:49:35-04:00,1,29
static\projects\pset2.html,55,html,caf9423f,Rodrigo Gallardo,2026-05-06,19:49:35,-04:00,2026-05-06T19:49:35-04:00,0,30
static\projects\pset2.html,56,html,caf9423f,Rodrigo Gallardo,2026-05-06,19:49:35,-04:00,2026-05-06T19:49:35-04:00,0,29
static\projects\pset2.html,57,html,caf9423f,Rodrigo Gallardo,2026-05-06,19:49:35,-04:00,2026-05-06T19:49:35-04:00,0,0
static\projects\pset2.html,58,html,caf9423f,Rodrigo Gallardo,2026-05-06,19:49:35,-04:00,2026-05-06T19:49:35-04:00,0,23
static\projects\pset2.html,59,html,caf9423f,Rodrigo Gallardo,2026-05-06,19:49:35,-04:00,2026-05-06T19:49:35-04:00,0,2
static\projects\pset2.html,60,html,caf9423f,Rodrigo Gallardo,2026-05-06,19:49:35,-04:00,2026-05-06T19:49:35-04:00,0,113
static\projects\pset2.html,61,html,caf9423f,Rodrigo Gallardo,2026-05-06,19:49:35,-04:00,2026-05-06T19:49:35-04:00,0,116
static\projects\pset2.html,62,html,caf9423f,Rodrigo Gallardo,2026-05-06,19:49:35,-04:00,2026-05-06T19:49:35-04:00,0,107
static\projects\pset2.html,63,html,caf9423f,Rodrigo Gallardo,2026-05-06,19:49:35,-04:00,2026-05-06T19:49:35-04:00,0,123
static\projects\pset2.html,64,html,caf9423f,Rodrigo Gallardo,2026-05-06,19:49:35,-04:00,2026-05-06T19:49:35-04:00,0,60
static\projects\pset2.html,65,html,caf9423f,Rodrigo Gallardo,2026-05-06,19:49:35,-04:00,2026-05-06T19:49:35-04:00,0,3
static\projects\pset2.html,66,html,caf9423f,Rodrigo Gallardo,2026-05-06,19:49:35,-04:00,2026-05-06T19:49:35-04:00,0,0
static\projects\pset2.html,67,html,caf9423f,Rodrigo Gallardo,2026-05-06,19:49:35,-04:00,2026-05-06T19:49:35-04:00,0,2
static\projects\pset2.html,68,html,caf9423f,Rodrigo Gallardo,2026-05-06,19:49:35,-04:00,2026-05-06T19:49:35-04:00,0,118
static\projects\pset2.html,69,html,caf9423f,Rodrigo Gallardo,2026-05-06,19:49:35,-04:00,2026-05-06T19:49:35-04:00,0,119
static\projects\pset2.html,70,html,caf9423f,Rodrigo Gallardo,2026-05-06,19:49:35,-04:00,2026-05-06T19:49:35-04:00,0,126
static\projects\pset2.html,71,html,caf9423f,Rodrigo Gallardo,2026-05-06,19:49:35,-04:00,2026-05-06T19:49:35-04:00,0,39
static\projects\pset2.html,72,html,caf9423f,Rodrigo Gallardo,2026-05-06,19:49:35,-04:00,2026-05-06T19:49:35-04:00,0,3
static\projects\pset2.html,73,html,caf9423f,Rodrigo Gallardo,2026-05-06,19:49:35,-04:00,2026-05-06T19:49:35-04:00,0,0
static\projects\pset2.html,74,html,caf9423f,Rodrigo Gallardo,2026-05-06,19:49:35,-04:00,2026-05-06T19:49:35-04:00,0,36
static\projects\pset2.html,75,html,caf9423f,Rodrigo Gallardo,2026-05-06,19:49:35,-04:00,2026-05-06T19:49:35-04:00,0,2
static\projects\pset2.html,76,html,caf9423f,Rodrigo Gallardo,2026-05-06,19:49:35,-04:00,2026-05-06T19:49:35-04:00,0,128
static\projects\pset2.html,77,html,caf9423f,Rodrigo Gallardo,2026-05-06,19:49:35,-04:00,2026-05-06T19:49:35-04:00,0,132
static\projects\pset2.html,78,html,caf9423f,Rodrigo Gallardo,2026-05-06,19:49:35,-04:00,2026-05-06T19:49:35-04:00,0,144
static\projects\pset2.html,79,html,caf9423f,Rodrigo Gallardo,2026-05-06,19:49:35,-04:00,2026-05-06T19:49:35-04:00,0,140
static\projects\pset2.html,80,html,caf9423f,Rodrigo Gallardo,2026-05-06,19:49:35,-04:00,2026-05-06T19:49:35-04:00,0,23
static\projects\pset2.html,81,html,caf9423f,Rodrigo Gallardo,2026-05-06,19:49:35,-04:00,2026-05-06T19:49:35-04:00,0,3
static\projects\pset2.html,82,html,caf9423f,Rodrigo Gallardo,2026-05-06,19:49:35,-04:00,2026-05-06T19:49:35-04:00,0,0
static\projects\pset2.html,83,html,caf9423f,Rodrigo Gallardo,2026-05-06,19:49:35,-04:00,2026-05-06T19:49:35-04:00,0,52
static\projects\pset2.html,84,html,caf9423f,Rodrigo Gallardo,2026-05-06,19:49:35,-04:00,2026-05-06T19:49:35-04:00,0,3
static\projects\pset2.html,85,html,caf9423f,Rodrigo Gallardo,2026-05-06,19:49:35,-04:00,2026-05-06T19:49:35-04:00,0,3
static\projects\pset2.html,86,html,caf9423f,Rodrigo Gallardo,2026-05-06,19:49:35,-04:00,2026-05-06T19:49:35-04:00,0,122
static\projects\pset2.html,87,html,caf9423f,Rodrigo Gallardo,2026-05-06,19:49:35,-04:00,2026-05-06T19:49:35-04:00,0,143
static\projects\pset2.html,88,html,caf9423f,Rodrigo Gallardo,2026-05-06,19:49:35,-04:00,2026-05-06T19:49:35-04:00,0,149
static\projects\pset2.html,89,html,caf9423f,Rodrigo Gallardo,2026-05-06,19:49:35,-04:00,2026-05-06T19:49:35-04:00,0,4
static\projects\pset2.html,90,html,caf9423f,Rodrigo Gallardo,2026-05-06,19:49:35,-04:00,2026-05-06T19:49:35-04:00,0,3
static\projects\pset2.html,91,html,caf9423f,Rodrigo Gallardo,2026-05-06,19:49:35,-04:00,2026-05-06T19:49:35-04:00,0,112
static\projects\pset2.html,92,html,caf9423f,Rodrigo Gallardo,2026-05-06,19:49:35,-04:00,2026-05-06T19:49:35-04:00,0,151
static\projects\pset2.html,93,html,caf9423f,Rodrigo Gallardo,2026-05-06,19:49:35,-04:00,2026-05-06T19:49:35-04:00,0,72
static\projects\pset2.html,94,html,caf9423f,Rodrigo Gallardo,2026-05-06,19:49:35,-04:00,2026-05-06T19:49:35-04:00,0,4
static\projects\pset2.html,95,html,caf9423f,Rodrigo Gallardo,2026-05-06,19:49:35,-04:00,2026-05-06T19:49:35-04:00,0,3
static\projects\pset2.html,96,html,caf9423f,Rodrigo Gallardo,2026-05-06,19:49:35,-04:00,2026-05-06T19:49:35-04:00,0,153
static\projects\pset2.html,97,html,caf9423f,Rodrigo Gallardo,2026-05-06,19:49:35,-04:00,2026-05-06T19:49:35-04:00,0,156
static\projects\pset2.html,98,html,caf9423f,Rodrigo Gallardo,2026-05-06,19:49:35,-04:00,2026-05-06T19:49:35-04:00,0,109
static\projects\pset2.html,99,html,caf9423f,Rodrigo Gallardo,2026-05-06,19:49:35,-04:00,2026-05-06T19:49:35-04:00,0,4
static\projects\pset2.html,100,html,caf9423f,Rodrigo Gallardo,2026-05-06,19:49:35,-04:00,2026-05-06T19:49:35-04:00,0,3
static\projects\pset2.html,101,html,caf9423f,Rodrigo Gallardo,2026-05-06,19:49:35,-04:00,2026-05-06T19:49:35-04:00,0,141
static\projects\pset2.html,102,html,caf9423f,Rodrigo Gallardo,2026-05-06,19:49:35,-04:00,2026-05-06T19:49:35-04:00,0,163
static\projects\pset2.html,103,html,caf9423f,Rodrigo Gallardo,2026-05-06,19:49:35,-04:00,2026-05-06T19:49:35-04:00,0,94
static\projects\pset2.html,104,html,caf9423f,Rodrigo Gallardo,2026-05-06,19:49:35,-04:00,2026-05-06T19:49:35-04:00,0,4
static\projects\pset2.html,105,html,caf9423f,Rodrigo Gallardo,2026-05-06,19:49:35,-04:00,2026-05-06T19:49:35-04:00,0,4
static\projects\pset2.html,106,html,caf9423f,Rodrigo Gallardo,2026-05-06,19:49:35,-04:00,2026-05-06T19:49:35-04:00,0,0
static\projects\pset2.html,107,html,caf9423f,Rodrigo Gallardo,2026-05-06,19:49:35,-04:00,2026-05-06T19:49:35-04:00,0,17
static\projects\pset2.html,108,html,caf9423f,Rodrigo Gallardo,2026-05-06,19:49:35,-04:00,2026-05-06T19:49:35-04:00,0,3
static\projects\pset2.html,109,html,caf9423f,Rodrigo Gallardo,2026-05-06,19:49:35,-04:00,2026-05-06T19:49:35-04:00,0,114
static\projects\pset2.html,110,html,caf9423f,Rodrigo Gallardo,2026-05-06,19:49:35,-04:00,2026-05-06T19:49:35-04:00,0,171
static\projects\pset2.html,111,html,caf9423f,Rodrigo Gallardo,2026-05-06,19:49:35,-04:00,2026-05-06T19:49:35-04:00,0,108
static\projects\pset2.html,112,html,caf9423f,Rodrigo Gallardo,2026-05-06,19:49:35,-04:00,2026-05-06T19:49:35-04:00,0,4
static\projects\pset2.html,113,html,caf9423f,Rodrigo Gallardo,2026-05-06,19:49:35,-04:00,2026-05-06T19:49:35-04:00,0,0
static\projects\pset2.html,114,html,caf9423f,Rodrigo Gallardo,2026-05-06,19:49:35,-04:00,2026-05-06T19:49:35-04:00,1,15
static\projects\pset2.html,115,html,caf9423f,Rodrigo Gallardo,2026-05-06,19:49:35,-04:00,2026-05-06T19:49:35-04:00,0,114
static\projects\pset2.html,116,html,caf9423f,Rodrigo Gallardo,2026-05-06,19:49:35,-04:00,2026-05-06T19:49:35-04:00,0,111
static\projects\pset2.html,117,html,caf9423f,Rodrigo Gallardo,2026-05-06,19:49:35,-04:00,2026-05-06T19:49:35-04:00,0,59
static\projects\pset2.html,118,html,caf9423f,Rodrigo Gallardo,2026-05-06,19:49:35,-04:00,2026-05-06T19:49:35-04:00,0,3
static\projects\pset2.html,119,html,caf9423f,Rodrigo Gallardo,2026-05-06,19:49:35,-04:00,2026-05-06T19:49:35-04:00,0,9
static\projects\pset2.html,120,html,caf9423f,Rodrigo Gallardo,2026-05-06,19:49:35,-04:00,2026-05-06T19:49:35-04:00,0,0
static\projects\pset2.html,121,html,caf9423f,Rodrigo Gallardo,2026-05-06,19:49:35,-04:00,2026-05-06T19:49:35-04:00,0,29
static\projects\pset2.html,122,html,caf9423f,Rodrigo Gallardo,2026-05-06,19:49:35,-04:00,2026-05-06T19:49:35-04:00,0,31
static\projects\pset2.html,123,html,caf9423f,Rodrigo Gallardo,2026-05-06,19:49:35,-04:00,2026-05-06T19:49:35-04:00,0,29
static\projects\pset2.html,124,html,caf9423f,Rodrigo Gallardo,2026-05-06,19:49:35,-04:00,2026-05-06T19:49:35-04:00,0,8
static\projects\pset2.html,125,html,caf9423f,Rodrigo Gallardo,2026-05-06,19:49:35,-04:00,2026-05-06T19:49:35-04:00,0,45
static\projects\pset2.html,126,html,caf9423f,Rodrigo Gallardo,2026-05-06,19:49:35,-04:00,2026-05-06T19:49:35-04:00,0,0
static\projects\pset2.html,127,html,caf9423f,Rodrigo Gallardo,2026-05-06,19:49:35,-04:00,2026-05-06T19:49:35-04:00,0,2
static\projects\pset2.html,128,html,caf9423f,Rodrigo Gallardo,2026-05-06,19:49:35,-04:00,2026-05-06T19:49:35-04:00,0,153
static\projects\pset2.html,129,html,caf9423f,Rodrigo Gallardo,2026-05-06,19:49:35,-04:00,2026-05-06T19:49:35-04:00,0,155
static\projects\pset2.html,130,html,caf9423f,Rodrigo Gallardo,2026-05-06,19:49:35,-04:00,2026-05-06T19:49:35-04:00,0,67
static\projects\pset2.html,131,html,caf9423f,Rodrigo Gallardo,2026-05-06,19:49:35,-04:00,2026-05-06T19:49:35-04:00,0,3
static\projects\pset2.html,132,html,caf9423f,Rodrigo Gallardo,2026-05-06,19:49:35,-04:00,2026-05-06T19:49:35-04:00,0,0
static\projects\pset2.html,133,html,caf9423f,Rodrigo Gallardo,2026-05-06,19:49:35,-04:00,2026-05-06T19:49:35-04:00,0,57
static\projects\pset2.html,134,html,caf9423f,Rodrigo Gallardo,2026-05-06,19:49:35,-04:00,2026-05-06T19:49:35-04:00,0,7
static\projects\pset2.html,135,html,caf9423f,Rodrigo Gallardo,2026-05-06,19:49:35,-04:00,2026-05-06T19:49:35-04:00,0,102
static\projects\pset2.html,136,html,caf9423f,Rodrigo Gallardo,2026-05-06,19:49:35,-04:00,2026-05-06T19:49:35-04:00,0,11
static\projects\pset2.html,137,html,caf9423f,Rodrigo Gallardo,2026-05-06,19:49:35,-04:00,2026-05-06T19:49:35-04:00,0,159
static\projects\pset2.html,138,html,caf9423f,Rodrigo Gallardo,2026-05-06,19:49:35,-04:00,2026-05-06T19:49:35-04:00,0,128
static\projects\pset2.html,139,html,caf9423f,Rodrigo Gallardo,2026-05-06,19:49:35,-04:00,2026-05-06T19:49:35-04:00,0,12
static\projects\pset2.html,140,html,caf9423f,Rodrigo Gallardo,2026-05-06,19:49:35,-04:00,2026-05-06T19:49:35-04:00,0,8
static\projects\pset2.html,141,html,caf9423f,Rodrigo Gallardo,2026-05-06,19:49:35,-04:00,2026-05-06T19:49:35-04:00,0,0
static\projects\pset2.html,142,html,caf9423f,Rodrigo Gallardo,2026-05-06,19:49:35,-04:00,2026-05-06T19:49:35-04:00,0,72
static\projects\pset2.html,143,html,caf9423f,Rodrigo Gallardo,2026-05-06,19:49:35,-04:00,2026-05-06T19:49:35-04:00,0,7
static\projects\pset2.html,144,html,caf9423f,Rodrigo Gallardo,2026-05-06,19:49:35,-04:00,2026-05-06T19:49:35-04:00,0,101
static\projects\pset2.html,145,html,caf9423f,Rodrigo Gallardo,2026-05-06,19:49:35,-04:00,2026-05-06T19:49:35-04:00,0,11
static\projects\pset2.html,146,html,caf9423f,Rodrigo Gallardo,2026-05-06,19:49:35,-04:00,2026-05-06T19:49:35-04:00,0,168
static\projects\pset2.html,147,html,caf9423f,Rodrigo Gallardo,2026-05-06,19:49:35,-04:00,2026-05-06T19:49:35-04:00,0,91
static\projects\pset2.html,148,html,caf9423f,Rodrigo Gallardo,2026-05-06,19:49:35,-04:00,2026-05-06T19:49:35-04:00,0,12
static\projects\pset2.html,149,html,caf9423f,Rodrigo Gallardo,2026-05-06,19:49:35,-04:00,2026-05-06T19:49:35-04:00,0,8
static\projects\pset2.html,150,html,caf9423f,Rodrigo Gallardo,2026-05-06,19:49:35,-04:00,2026-05-06T19:49:35-04:00,0,0
static\projects\pset2.html,151,html,caf9423f,Rodrigo Gallardo,2026-05-06,19:49:35,-04:00,2026-05-06T19:49:35-04:00,0,68
static\projects\pset2.html,152,html,caf9423f,Rodrigo Gallardo,2026-05-06,19:49:35,-04:00,2026-05-06T19:49:35-04:00,0,7
static\projects\pset2.html,153,html,caf9423f,Rodrigo Gallardo,2026-05-06,19:49:35,-04:00,2026-05-06T19:49:35-04:00,0,114
static\projects\pset2.html,154,html,caf9423f,Rodrigo Gallardo,2026-05-06,19:49:35,-04:00,2026-05-06T19:49:35-04:00,0,11
static\projects\pset2.html,155,html,caf9423f,Rodrigo Gallardo,2026-05-06,19:49:35,-04:00,2026-05-06T19:49:35-04:00,0,150
static\projects\pset2.html,156,html,caf9423f,Rodrigo Gallardo,2026-05-06,19:49:35,-04:00,2026-05-06T19:49:35-04:00,0,133
static\projects\pset2.html,157,html,caf9423f,Rodrigo Gallardo,2026-05-06,19:49:35,-04:00,2026-05-06T19:49:35-04:00,0,12
static\projects\pset2.html,158,html,caf9423f,Rodrigo Gallardo,2026-05-06,19:49:35,-04:00,2026-05-06T19:49:35-04:00,0,8
static\projects\pset2.html,159,html,caf9423f,Rodrigo Gallardo,2026-05-06,19:49:35,-04:00,2026-05-06T19:49:35-04:00,0,0
static\projects\pset2.html,160,html,caf9423f,Rodrigo Gallardo,2026-05-06,19:49:35,-04:00,2026-05-06T19:49:35-04:00,0,53
static\projects\pset2.html,161,html,caf9423f,Rodrigo Gallardo,2026-05-06,19:49:35,-04:00,2026-05-06T19:49:35-04:00,0,7
static\projects\pset2.html,162,html,caf9423f,Rodrigo Gallardo,2026-05-06,19:49:35,-04:00,2026-05-06T19:49:35-04:00,0,141
static\projects\pset2.html,163,html,caf9423f,Rodrigo Gallardo,2026-05-06,19:49:35,-04:00,2026-05-06T19:49:35-04:00,0,11
static\projects\pset2.html,164,html,caf9423f,Rodrigo Gallardo,2026-05-06,19:49:35,-04:00,2026-05-06T19:49:35-04:00,0,162
static\projects\pset2.html,165,html,caf9423f,Rodrigo Gallardo,2026-05-06,19:49:35,-04:00,2026-05-06T19:49:35-04:00,0,118
static\projects\pset2.html,166,html,caf9423f,Rodrigo Gallardo,2026-05-06,19:49:35,-04:00,2026-05-06T19:49:35-04:00,0,12
static\projects\pset2.html,167,html,caf9423f,Rodrigo Gallardo,2026-05-06,19:49:35,-04:00,2026-05-06T19:49:35-04:00,0,8
static\projects\pset2.html,168,html,caf9423f,Rodrigo Gallardo,2026-05-06,19:49:35,-04:00,2026-05-06T19:49:35-04:00,0,9
static\projects\pset2.html,169,html,caf9423f,Rodrigo Gallardo,2026-05-06,19:49:35,-04:00,2026-05-06T19:49:35-04:00,0,0
static\projects\pset2.html,170,html,caf9423f,Rodrigo Gallardo,2026-05-06,19:49:35,-04:00,2026-05-06T19:49:35-04:00,0,29
static\projects\pset2.html,171,html,caf9423f,Rodrigo Gallardo,2026-05-06,19:49:35,-04:00,2026-05-06T19:49:35-04:00,0,33
static\projects\pset2.html,172,html,caf9423f,Rodrigo Gallardo,2026-05-06,19:49:35,-04:00,2026-05-06T19:49:35-04:00,0,29
static\projects\pset2.html,173,html,caf9423f,Rodrigo Gallardo,2026-05-06,19:49:35,-04:00,2026-05-06T19:49:35-04:00,0,8
static\projects\pset2.html,174,html,caf9423f,Rodrigo Gallardo,2026-05-06,19:49:35,-04:00,2026-05-06T19:49:35-04:00,0,37
static\projects\pset2.html,175,html,caf9423f,Rodrigo Gallardo,2026-05-06,19:49:35,-04:00,2026-05-06T19:49:35-04:00,0,0
static\projects\pset2.html,176,html,caf9423f,Rodrigo Gallardo,2026-05-06,19:49:35,-04:00,2026-05-06T19:49:35-04:00,0,11
static\projects\pset2.html,177,html,caf9423f,Rodrigo Gallardo,2026-05-06,19:49:35,-04:00,2026-05-06T19:49:35-04:00,0,135
static\projects\pset2.html,178,html,caf9423f,Rodrigo Gallardo,2026-05-06,19:49:35,-04:00,2026-05-06T19:49:35-04:00,0,2
static\projects\pset2.html,179,html,caf9423f,Rodrigo Gallardo,2026-05-06,19:49:35,-04:00,2026-05-06T19:49:35-04:00,0,151
static\projects\pset2.html,180,html,caf9423f,Rodrigo Gallardo,2026-05-06,19:49:35,-04:00,2026-05-06T19:49:35-04:00,0,177
static\projects\pset2.html,181,html,caf9423f,Rodrigo Gallardo,2026-05-06,19:49:35,-04:00,2026-05-06T19:49:35-04:00,0,3
static\projects\pset2.html,182,html,caf9423f,Rodrigo Gallardo,2026-05-06,19:49:35,-04:00,2026-05-06T19:49:35-04:00,0,0
static\projects\pset2.html,183,html,caf9423f,Rodrigo Gallardo,2026-05-06,19:49:35,-04:00,2026-05-06T19:49:35-04:00,0,57
static\projects\pset2.html,184,html,caf9423f,Rodrigo Gallardo,2026-05-06,19:49:35,-04:00,2026-05-06T19:49:35-04:00,0,7
static\projects\pset2.html,185,html,caf9423f,Rodrigo Gallardo,2026-05-06,19:49:35,-04:00,2026-05-06T19:49:35-04:00,0,105
static\projects\pset2.html,186,html,caf9423f,Rodrigo Gallardo,2026-05-06,19:49:35,-04:00,2026-05-06T19:49:35-04:00,0,11
static\projects\pset2.html,187,html,caf9423f,Rodrigo Gallardo,2026-05-06,19:49:35,-04:00,2026-05-06T19:49:35-04:00,0,165
static\projects\pset2.html,188,html,caf9423f,Rodrigo Gallardo,2026-05-06,19:49:35,-04:00,2026-05-06T19:49:35-04:00,0,136
static\projects\pset2.html,189,html,caf9423f,Rodrigo Gallardo,2026-05-06,19:49:35,-04:00,2026-05-06T19:49:35-04:00,0,12
static\projects\pset2.html,190,html,caf9423f,Rodrigo Gallardo,2026-05-06,19:49:35,-04:00,2026-05-06T19:49:35-04:00,0,8
static\projects\pset2.html,191,html,caf9423f,Rodrigo Gallardo,2026-05-06,19:49:35,-04:00,2026-05-06T19:49:35-04:00,0,0
static\projects\pset2.html,192,html,caf9423f,Rodrigo Gallardo,2026-05-06,19:49:35,-04:00,2026-05-06T19:49:35-04:00,0,60
static\projects\pset2.html,193,html,caf9423f,Rodrigo Gallardo,2026-05-06,19:49:35,-04:00,2026-05-06T19:49:35-04:00,0,7
static\projects\pset2.html,194,html,caf9423f,Rodrigo Gallardo,2026-05-06,19:49:35,-04:00,2026-05-06T19:49:35-04:00,0,111
static\projects\pset2.html,195,html,caf9423f,Rodrigo Gallardo,2026-05-06,19:49:35,-04:00,2026-05-06T19:49:35-04:00,0,11
static\projects\pset2.html,196,html,caf9423f,Rodrigo Gallardo,2026-05-06,19:49:35,-04:00,2026-05-06T19:49:35-04:00,0,168
static\projects\pset2.html,197,html,caf9423f,Rodrigo Gallardo,2026-05-06,19:49:35,-04:00,2026-05-06T19:49:35-04:00,0,138
static\projects\pset2.html,198,html,caf9423f,Rodrigo Gallardo,2026-05-06,19:49:35,-04:00,2026-05-06T19:49:35-04:00,0,12
static\projects\pset2.html,199,html,caf9423f,Rodrigo Gallardo,2026-05-06,19:49:35,-04:00,2026-05-06T19:49:35-04:00,0,8
static\projects\pset2.html,200,html,caf9423f,Rodrigo Gallardo,2026-05-06,19:49:35,-04:00,2026-05-06T19:49:35-04:00,0,0
static\projects\pset2.html,201,html,caf9423f,Rodrigo Gallardo,2026-05-06,19:49:35,-04:00,2026-05-06T19:49:35-04:00,0,57
static\projects\pset2.html,202,html,caf9423f,Rodrigo Gallardo,2026-05-06,19:49:35,-04:00,2026-05-06T19:49:35-04:00,0,7
static\projects\pset2.html,203,html,caf9423f,Rodrigo Gallardo,2026-05-06,19:49:35,-04:00,2026-05-06T19:49:35-04:00,0,105
static\projects\pset2.html,204,html,caf9423f,Rodrigo Gallardo,2026-05-06,19:49:35,-04:00,2026-05-06T19:49:35-04:00,0,11
static\projects\pset2.html,205,html,caf9423f,Rodrigo Gallardo,2026-05-06,19:49:35,-04:00,2026-05-06T19:49:35-04:00,0,169
static\projects\pset2.html,206,html,caf9423f,Rodrigo Gallardo,2026-05-06,19:49:35,-04:00,2026-05-06T19:49:35-04:00,0,129
static\projects\pset2.html,207,html,caf9423f,Rodrigo Gallardo,2026-05-06,19:49:35,-04:00,2026-05-06T19:49:35-04:00,0,12
static\projects\pset2.html,208,html,caf9423f,Rodrigo Gallardo,2026-05-06,19:49:35,-04:00,2026-05-06T19:49:35-04:00,0,8
static\projects\pset2.html,209,html,caf9423f,Rodrigo Gallardo,2026-05-06,19:49:35,-04:00,2026-05-06T19:49:35-04:00,0,0
static\projects\pset2.html,210,html,caf9423f,Rodrigo Gallardo,2026-05-06,19:49:35,-04:00,2026-05-06T19:49:35-04:00,0,11
static\projects\pset2.html,211,html,caf9423f,Rodrigo Gallardo,2026-05-06,19:49:35,-04:00,2026-05-06T19:49:35-04:00,0,102
static\projects\pset2.html,212,html,caf9423f,Rodrigo Gallardo,2026-05-06,19:49:35,-04:00,2026-05-06T19:49:35-04:00,0,2
static\projects\pset2.html,213,html,caf9423f,Rodrigo Gallardo,2026-05-06,19:49:35,-04:00,2026-05-06T19:49:35-04:00,0,166
static\projects\pset2.html,214,html,caf9423f,Rodrigo Gallardo,2026-05-06,19:49:35,-04:00,2026-05-06T19:49:35-04:00,0,140
static\projects\pset2.html,215,html,caf9423f,Rodrigo Gallardo,2026-05-06,19:49:35,-04:00,2026-05-06T19:49:35-04:00,0,3
static\projects\pset2.html,216,html,caf9423f,Rodrigo Gallardo,2026-05-06,19:49:35,-04:00,2026-05-06T19:49:35-04:00,0,0
static\projects\pset2.html,217,html,caf9423f,Rodrigo Gallardo,2026-05-06,19:49:35,-04:00,2026-05-06T19:49:35-04:00,0,60
static\projects\pset2.html,218,html,caf9423f,Rodrigo Gallardo,2026-05-06,19:49:35,-04:00,2026-05-06T19:49:35-04:00,0,7
static\projects\pset2.html,219,html,caf9423f,Rodrigo Gallardo,2026-05-06,19:49:35,-04:00,2026-05-06T19:49:35-04:00,0,132
static\projects\pset2.html,220,html,caf9423f,Rodrigo Gallardo,2026-05-06,19:49:35,-04:00,2026-05-06T19:49:35-04:00,0,11
static\projects\pset2.html,221,html,caf9423f,Rodrigo Gallardo,2026-05-06,19:49:35,-04:00,2026-05-06T19:49:35-04:00,0,168
static\projects\pset2.html,222,html,caf9423f,Rodrigo Gallardo,2026-05-06,19:49:35,-04:00,2026-05-06T19:49:35-04:00,0,154
static\projects\pset2.html,223,html,caf9423f,Rodrigo Gallardo,2026-05-06,19:49:35,-04:00,2026-05-06T19:49:35-04:00,0,12
static\projects\pset2.html,224,html,caf9423f,Rodrigo Gallardo,2026-05-06,19:49:35,-04:00,2026-05-06T19:49:35-04:00,0,8
static\projects\pset2.html,225,html,caf9423f,Rodrigo Gallardo,2026-05-06,19:49:35,-04:00,2026-05-06T19:49:35-04:00,0,0
static\projects\pset2.html,226,html,caf9423f,Rodrigo Gallardo,2026-05-06,19:49:35,-04:00,2026-05-06T19:49:35-04:00,0,11
static\projects\pset2.html,227,html,caf9423f,Rodrigo Gallardo,2026-05-06,19:49:35,-04:00,2026-05-06T19:49:35-04:00,0,166
static\projects\pset2.html,228,html,caf9423f,Rodrigo Gallardo,2026-05-06,19:49:35,-04:00,2026-05-06T19:49:35-04:00,0,2
static\projects\pset2.html,229,html,caf9423f,Rodrigo Gallardo,2026-05-06,19:49:35,-04:00,2026-05-06T19:49:35-04:00,0,168
static\projects\pset2.html,230,html,caf9423f,Rodrigo Gallardo,2026-05-06,19:49:35,-04:00,2026-05-06T19:49:35-04:00,0,186
static\projects\pset2.html,231,html,caf9423f,Rodrigo Gallardo,2026-05-06,19:49:35,-04:00,2026-05-06T19:49:35-04:00,0,3
static\projects\pset2.html,232,html,caf9423f,Rodrigo Gallardo,2026-05-06,19:49:35,-04:00,2026-05-06T19:49:35-04:00,0,0
static\projects\pset2.html,233,html,caf9423f,Rodrigo Gallardo,2026-05-06,19:49:35,-04:00,2026-05-06T19:49:35-04:00,0,79
static\projects\pset2.html,234,html,caf9423f,Rodrigo Gallardo,2026-05-06,19:49:35,-04:00,2026-05-06T19:49:35-04:00,0,7
static\projects\pset2.html,235,html,caf9423f,Rodrigo Gallardo,2026-05-06,19:49:35,-04:00,2026-05-06T19:49:35-04:00,0,117
static\projects\pset2.html,236,html,caf9423f,Rodrigo Gallardo,2026-05-06,19:49:35,-04:00,2026-05-06T19:49:35-04:00,0,11
static\projects\pset2.html,237,html,caf9423f,Rodrigo Gallardo,2026-05-06,19:49:35,-04:00,2026-05-06T19:49:35-04:00,0,167
static\projects\pset2.html,238,html,caf9423f,Rodrigo Gallardo,2026-05-06,19:49:35,-04:00,2026-05-06T19:49:35-04:00,0,155
static\projects\pset2.html,239,html,caf9423f,Rodrigo Gallardo,2026-05-06,19:49:35,-04:00,2026-05-06T19:49:35-04:00,0,12
static\projects\pset2.html,240,html,caf9423f,Rodrigo Gallardo,2026-05-06,19:49:35,-04:00,2026-05-06T19:49:35-04:00,0,8
static\projects\pset2.html,241,html,caf9423f,Rodrigo Gallardo,2026-05-06,19:49:35,-04:00,2026-05-06T19:49:35-04:00,0,0
static\projects\pset2.html,242,html,caf9423f,Rodrigo Gallardo,2026-05-06,19:49:35,-04:00,2026-05-06T19:49:35-04:00,0,82
static\projects\pset2.html,243,html,caf9423f,Rodrigo Gallardo,2026-05-06,19:49:35,-04:00,2026-05-06T19:49:35-04:00,0,7
static\projects\pset2.html,244,html,caf9423f,Rodrigo Gallardo,2026-05-06,19:49:35,-04:00,2026-05-06T19:49:35-04:00,0,127
static\projects\pset2.html,245,html,caf9423f,Rodrigo Gallardo,2026-05-06,19:49:35,-04:00,2026-05-06T19:49:35-04:00,0,11
static\projects\pset2.html,246,html,caf9423f,Rodrigo Gallardo,2026-05-06,19:49:35,-04:00,2026-05-06T19:49:35-04:00,0,167
static\projects\pset2.html,247,html,caf9423f,Rodrigo Gallardo,2026-05-06,19:49:35,-04:00,2026-05-06T19:49:35-04:00,0,126
static\projects\pset2.html,248,html,caf9423f,Rodrigo Gallardo,2026-05-06,19:49:35,-04:00,2026-05-06T19:49:35-04:00,0,12
static\projects\pset2.html,249,html,caf9423f,Rodrigo Gallardo,2026-05-06,19:49:35,-04:00,2026-05-06T19:49:35-04:00,0,8
static\projects\pset2.html,250,html,caf9423f,Rodrigo Gallardo,2026-05-06,19:49:35,-04:00,2026-05-06T19:49:35-04:00,0,0
static\projects\pset2.html,251,html,caf9423f,Rodrigo Gallardo,2026-05-06,19:49:35,-04:00,2026-05-06T19:49:35-04:00,0,79
static\projects\pset2.html,252,html,caf9423f,Rodrigo Gallardo,2026-05-06,19:49:35,-04:00,2026-05-06T19:49:35-04:00,0,7
static\projects\pset2.html,253,html,caf9423f,Rodrigo Gallardo,2026-05-06,19:49:35,-04:00,2026-05-06T19:49:35-04:00,0,121
static\projects\pset2.html,254,html,caf9423f,Rodrigo Gallardo,2026-05-06,19:49:35,-04:00,2026-05-06T19:49:35-04:00,0,11
static\projects\pset2.html,255,html,caf9423f,Rodrigo Gallardo,2026-05-06,19:49:35,-04:00,2026-05-06T19:49:35-04:00,0,175
static\projects\pset2.html,256,html,caf9423f,Rodrigo Gallardo,2026-05-06,19:49:35,-04:00,2026-05-06T19:49:35-04:00,0,165
static\projects\pset2.html,257,html,caf9423f,Rodrigo Gallardo,2026-05-06,19:49:35,-04:00,2026-05-06T19:49:35-04:00,0,12
static\projects\pset2.html,258,html,caf9423f,Rodrigo Gallardo,2026-05-06,19:49:35,-04:00,2026-05-06T19:49:35-04:00,0,8
static\projects\pset2.html,259,html,caf9423f,Rodrigo Gallardo,2026-05-06,19:49:35,-04:00,2026-05-06T19:49:35-04:00,0,0
static\projects\pset2.html,260,html,caf9423f,Rodrigo Gallardo,2026-05-06,19:49:35,-04:00,2026-05-06T19:49:35-04:00,0,78
static\projects\pset2.html,261,html,caf9423f,Rodrigo Gallardo,2026-05-06,19:49:35,-04:00,2026-05-06T19:49:35-04:00,0,7
static\projects\pset2.html,262,html,caf9423f,Rodrigo Gallardo,2026-05-06,19:49:35,-04:00,2026-05-06T19:49:35-04:00,0,135
static\projects\pset2.html,263,html,caf9423f,Rodrigo Gallardo,2026-05-06,19:49:35,-04:00,2026-05-06T19:49:35-04:00,0,11
static\projects\pset2.html,264,html,caf9423f,Rodrigo Gallardo,2026-05-06,19:49:35,-04:00,2026-05-06T19:49:35-04:00,0,172
static\projects\pset2.html,265,html,caf9423f,Rodrigo Gallardo,2026-05-06,19:49:35,-04:00,2026-05-06T19:49:35-04:00,0,173
static\projects\pset2.html,266,html,caf9423f,Rodrigo Gallardo,2026-05-06,19:49:35,-04:00,2026-05-06T19:49:35-04:00,0,12
static\projects\pset2.html,267,html,caf9423f,Rodrigo Gallardo,2026-05-06,19:49:35,-04:00,2026-05-06T19:49:35-04:00,0,8
static\projects\pset2.html,268,html,caf9423f,Rodrigo Gallardo,2026-05-06,19:49:35,-04:00,2026-05-06T19:49:35-04:00,0,0
static\projects\pset2.html,269,html,caf9423f,Rodrigo Gallardo,2026-05-06,19:49:35,-04:00,2026-05-06T19:49:35-04:00,0,11
static\projects\pset2.html,270,html,caf9423f,Rodrigo Gallardo,2026-05-06,19:49:35,-04:00,2026-05-06T19:49:35-04:00,0,106
static\projects\pset2.html,271,html,caf9423f,Rodrigo Gallardo,2026-05-06,19:49:35,-04:00,2026-05-06T19:49:35-04:00,0,2
static\projects\pset2.html,272,html,caf9423f,Rodrigo Gallardo,2026-05-06,19:49:35,-04:00,2026-05-06T19:49:35-04:00,0,174
static\projects\pset2.html,273,html,caf9423f,Rodrigo Gallardo,2026-05-06,19:49:35,-04:00,2026-05-06T19:49:35-04:00,0,171
static\projects\pset2.html,274,html,caf9423f,Rodrigo Gallardo,2026-05-06,19:49:35,-04:00,2026-05-06T19:49:35-04:00,0,3
static\projects\pset2.html,275,html,caf9423f,Rodrigo Gallardo,2026-05-06,19:49:35,-04:00,2026-05-06T19:49:35-04:00,0,0
static\projects\pset2.html,276,html,caf9423f,Rodrigo Gallardo,2026-05-06,19:49:35,-04:00,2026-05-06T19:49:35-04:00,0,66
static\projects\pset2.html,277,html,caf9423f,Rodrigo Gallardo,2026-05-06,19:49:35,-04:00,2026-05-06T19:49:35-04:00,0,7
static\projects\pset2.html,278,html,caf9423f,Rodrigo Gallardo,2026-05-06,19:49:35,-04:00,2026-05-06T19:49:35-04:00,0,79
static\projects\pset2.html,279,html,caf9423f,Rodrigo Gallardo,2026-05-06,19:49:35,-04:00,2026-05-06T19:49:35-04:00,0,11
static\projects\pset2.html,280,html,caf9423f,Rodrigo Gallardo,2026-05-06,19:49:35,-04:00,2026-05-06T19:49:35-04:00,0,175
static\projects\pset2.html,281,html,caf9423f,Rodrigo Gallardo,2026-05-06,19:49:35,-04:00,2026-05-06T19:49:35-04:00,0,84
static\projects\pset2.html,282,html,caf9423f,Rodrigo Gallardo,2026-05-06,19:49:35,-04:00,2026-05-06T19:49:35-04:00,0,12
static\projects\pset2.html,283,html,caf9423f,Rodrigo Gallardo,2026-05-06,19:49:35,-04:00,2026-05-06T19:49:35-04:00,0,8
static\projects\pset2.html,284,html,caf9423f,Rodrigo Gallardo,2026-05-06,19:49:35,-04:00,2026-05-06T19:49:35-04:00,0,0
static\projects\pset2.html,285,html,caf9423f,Rodrigo Gallardo,2026-05-06,19:49:35,-04:00,2026-05-06T19:49:35-04:00,0,53
static\projects\pset2.html,286,html,caf9423f,Rodrigo Gallardo,2026-05-06,19:49:35,-04:00,2026-05-06T19:49:35-04:00,0,7
static\projects\pset2.html,287,html,caf9423f,Rodrigo Gallardo,2026-05-06,19:49:35,-04:00,2026-05-06T19:49:35-04:00,0,104
static\projects\pset2.html,288,html,caf9423f,Rodrigo Gallardo,2026-05-06,19:49:35,-04:00,2026-05-06T19:49:35-04:00,0,11
static\projects\pset2.html,289,html,caf9423f,Rodrigo Gallardo,2026-05-06,19:49:35,-04:00,2026-05-06T19:49:35-04:00,0,170
static\projects\pset2.html,290,html,caf9423f,Rodrigo Gallardo,2026-05-06,19:49:35,-04:00,2026-05-06T19:49:35-04:00,0,172
static\projects\pset2.html,291,html,caf9423f,Rodrigo Gallardo,2026-05-06,19:49:35,-04:00,2026-05-06T19:49:35-04:00,0,12
static\projects\pset2.html,292,html,caf9423f,Rodrigo Gallardo,2026-05-06,19:49:35,-04:00,2026-05-06T19:49:35-04:00,0,8
static\projects\pset2.html,293,html,caf9423f,Rodrigo Gallardo,2026-05-06,19:49:35,-04:00,2026-05-06T19:49:35-04:00,0,9
static\projects\pset2.html,294,html,caf9423f,Rodrigo Gallardo,2026-05-06,19:49:35,-04:00,2026-05-06T19:49:35-04:00,0,0
static\projects\pset2.html,295,html,caf9423f,Rodrigo Gallardo,2026-05-06,19:49:35,-04:00,2026-05-06T19:49:35-04:00,0,29
static\projects\pset2.html,296,html,caf9423f,Rodrigo Gallardo,2026-05-06,19:49:35,-04:00,2026-05-06T19:49:35-04:00,0,31
static\projects\pset2.html,297,html,caf9423f,Rodrigo Gallardo,2026-05-06,19:49:35,-04:00,2026-05-06T19:49:35-04:00,0,29
static\projects\pset2.html,298,html,caf9423f,Rodrigo Gallardo,2026-05-06,19:49:35,-04:00,2026-05-06T19:49:35-04:00,0,24
static\projects\pset2.html,299,html,caf9423f,Rodrigo Gallardo,2026-05-06,19:49:35,-04:00,2026-05-06T19:49:35-04:00,0,47
static\projects\pset2.html,300,html,caf9423f,Rodrigo Gallardo,2026-05-06,19:49:35,-04:00,2026-05-06T19:49:35-04:00,0,3
static\projects\pset2.html,301,html,caf9423f,Rodrigo Gallardo,2026-05-06,19:49:35,-04:00,2026-05-06T19:49:35-04:00,0,157
static\projects\pset2.html,302,html,caf9423f,Rodrigo Gallardo,2026-05-06,19:49:35,-04:00,2026-05-06T19:49:35-04:00,0,74
static\projects\pset2.html,303,html,caf9423f,Rodrigo Gallardo,2026-05-06,19:49:35,-04:00,2026-05-06T19:49:35-04:00,0,139
static\projects\pset2.html,304,html,caf9423f,Rodrigo Gallardo,2026-05-06,19:49:35,-04:00,2026-05-06T19:49:35-04:00,0,148
static\projects\pset2.html,305,html,caf9423f,Rodrigo Gallardo,2026-05-06,19:49:35,-04:00,2026-05-06T19:49:35-04:00,0,4
static\projects\pset2.html,306,html,caf9423f,Rodrigo Gallardo,2026-05-06,19:49:35,-04:00,2026-05-06T19:49:35-04:00,0,9
static\projects\pset2.html,307,html,caf9423f,Rodrigo Gallardo,2026-05-06,19:49:35,-04:00,2026-05-06T19:49:35-04:00,0,0
static\projects\pset2.html,308,html,caf9423f,Rodrigo Gallardo,2026-05-06,19:49:35,-04:00,2026-05-06T19:49:35-04:00,0,29
static\projects\pset2.html,309,html,caf9423f,Rodrigo Gallardo,2026-05-06,19:49:35,-04:00,2026-05-06T19:49:35-04:00,0,31
static\projects\pset2.html,310,html,caf9423f,Rodrigo Gallardo,2026-05-06,19:49:35,-04:00,2026-05-06T19:49:35-04:00,0,29
static\projects\pset2.html,311,html,caf9423f,Rodrigo Gallardo,2026-05-06,19:49:35,-04:00,2026-05-06T19:49:35-04:00,0,8
static\projects\pset2.html,312,html,caf9423f,Rodrigo Gallardo,2026-05-06,19:49:35,-04:00,2026-05-06T19:49:35-04:00,0,18
static\projects\pset2.html,313,html,caf9423f,Rodrigo Gallardo,2026-05-06,19:49:35,-04:00,2026-05-06T19:49:35-04:00,0,0
static\projects\pset2.html,314,html,caf9423f,Rodrigo Gallardo,2026-05-06,19:49:35,-04:00,2026-05-06T19:49:35-04:00,0,2
static\projects\pset2.html,315,html,caf9423f,Rodrigo Gallardo,2026-05-06,19:49:35,-04:00,2026-05-06T19:49:35-04:00,0,169
static\projects\pset2.html,316,html,caf9423f,Rodrigo Gallardo,2026-05-06,19:49:35,-04:00,2026-05-06T19:49:35-04:00,0,182
static\projects\pset2.html,317,html,caf9423f,Rodrigo Gallardo,2026-05-06,19:49:35,-04:00,2026-05-06T19:49:35-04:00,0,52
static\projects\pset2.html,318,html,caf9423f,Rodrigo Gallardo,2026-05-06,19:49:35,-04:00,2026-05-06T19:49:35-04:00,0,3
static\projects\pset2.html,319,html,caf9423f,Rodrigo Gallardo,2026-05-06,19:49:35,-04:00,2026-05-06T19:49:35-04:00,0,0
static\projects\pset2.html,320,html,caf9423f,Rodrigo Gallardo,2026-05-06,19:49:35,-04:00,2026-05-06T19:49:35-04:00,0,20
static\projects\pset2.html,321,html,caf9423f,Rodrigo Gallardo,2026-05-06,19:49:35,-04:00,2026-05-06T19:49:35-04:00,0,133
static\projects\pset2.html,322,html,caf9423f,Rodrigo Gallardo,2026-05-06,19:49:35,-04:00,2026-05-06T19:49:35-04:00,0,11
static\projects\pset2.html,323,html,caf9423f,Rodrigo Gallardo,2026-05-06,19:49:35,-04:00,2026-05-06T19:49:35-04:00,0,156
static\projects\pset2.html,324,html,caf9423f,Rodrigo Gallardo,2026-05-06,19:49:35,-04:00,2026-05-06T19:49:35-04:00,0,76
static\projects\pset2.html,325,html,caf9423f,Rodrigo Gallardo,2026-05-06,19:49:35,-04:00,2026-05-06T19:49:35-04:00,0,12
static\projects\pset2.html,326,html,caf9423f,Rodrigo Gallardo,2026-05-06,19:49:35,-04:00,2026-05-06T19:49:35-04:00,0,8
static\projects\pset2.html,327,html,caf9423f,Rodrigo Gallardo,2026-05-06,19:49:35,-04:00,2026-05-06T19:49:35-04:00,0,0
static\projects\pset2.html,328,html,caf9423f,Rodrigo Gallardo,2026-05-06,19:49:35,-04:00,2026-05-06T19:49:35-04:00,0,2
static\projects\pset2.html,329,html,caf9423f,Rodrigo Gallardo,2026-05-06,19:49:35,-04:00,2026-05-06T19:49:35-04:00,0,173
static\projects\pset2.html,330,html,caf9423f,Rodrigo Gallardo,2026-05-06,19:49:35,-04:00,2026-05-06T19:49:35-04:00,0,180
static\projects\pset2.html,331,html,caf9423f,Rodrigo Gallardo,2026-05-06,19:49:35,-04:00,2026-05-06T19:49:35-04:00,0,54
static\projects\pset2.html,332,html,caf9423f,Rodrigo Gallardo,2026-05-06,19:49:35,-04:00,2026-05-06T19:49:35-04:00,0,3
static\projects\pset2.html,333,html,caf9423f,Rodrigo Gallardo,2026-05-06,19:49:35,-04:00,2026-05-06T19:49:35-04:00,0,0
static\projects\pset2.html,334,html,caf9423f,Rodrigo Gallardo,2026-05-06,19:49:35,-04:00,2026-05-06T19:49:35-04:00,0,2
static\projects\pset2.html,335,html,caf9423f,Rodrigo Gallardo,2026-05-06,19:49:35,-04:00,2026-05-06T19:49:35-04:00,0,183
static\projects\pset2.html,336,html,caf9423f,Rodrigo Gallardo,2026-05-06,19:49:35,-04:00,2026-05-06T19:49:35-04:00,0,188
static\projects\pset2.html,337,html,caf9423f,Rodrigo Gallardo,2026-05-06,19:49:35,-04:00,2026-05-06T19:49:35-04:00,0,50
static\projects\pset2.html,338,html,caf9423f,Rodrigo Gallardo,2026-05-06,19:49:35,-04:00,2026-05-06T19:49:35-04:00,0,3
static\projects\pset2.html,339,html,caf9423f,Rodrigo Gallardo,2026-05-06,19:49:35,-04:00,2026-05-06T19:49:35-04:00,0,0
static\projects\pset2.html,340,html,caf9423f,Rodrigo Gallardo,2026-05-06,19:49:35,-04:00,2026-05-06T19:49:35-04:00,0,20
static\projects\pset2.html,341,html,caf9423f,Rodrigo Gallardo,2026-05-06,19:49:35,-04:00,2026-05-06T19:49:35-04:00,0,77
static\projects\pset2.html,342,html,caf9423f,Rodrigo Gallardo,2026-05-06,19:49:35,-04:00,2026-05-06T19:49:35-04:00,0,11
static\projects\pset2.html,343,html,caf9423f,Rodrigo Gallardo,2026-05-06,19:49:35,-04:00,2026-05-06T19:49:35-04:00,0,176
static\projects\pset2.html,344,html,caf9423f,Rodrigo Gallardo,2026-05-06,19:49:35,-04:00,2026-05-06T19:49:35-04:00,0,92
static\projects\pset2.html,345,html,caf9423f,Rodrigo Gallardo,2026-05-06,19:49:35,-04:00,2026-05-06T19:49:35-04:00,0,12
static\projects\pset2.html,346,html,caf9423f,Rodrigo Gallardo,2026-05-06,19:49:35,-04:00,2026-05-06T19:49:35-04:00,0,8
static\projects\pset2.html,347,html,caf9423f,Rodrigo Gallardo,2026-05-06,19:49:35,-04:00,2026-05-06T19:49:35-04:00,0,0
static\projects\pset2.html,348,html,caf9423f,Rodrigo Gallardo,2026-05-06,19:49:35,-04:00,2026-05-06T19:49:35-04:00,0,20
static\projects\pset2.html,349,html,caf9423f,Rodrigo Gallardo,2026-05-06,19:49:35,-04:00,2026-05-06T19:49:35-04:00,0,85
static\projects\pset2.html,350,html,caf9423f,Rodrigo Gallardo,2026-05-06,19:49:35,-04:00,2026-05-06T19:49:35-04:00,0,11
static\projects\pset2.html,351,html,caf9423f,Rodrigo Gallardo,2026-05-06,19:49:35,-04:00,2026-05-06T19:49:35-04:00,0,180
static\projects\pset2.html,352,html,caf9423f,Rodrigo Gallardo,2026-05-06,19:49:35,-04:00,2026-05-06T19:49:35-04:00,0,95
static\projects\pset2.html,353,html,caf9423f,Rodrigo Gallardo,2026-05-06,19:49:35,-04:00,2026-05-06T19:49:35-04:00,0,12
static\projects\pset2.html,354,html,caf9423f,Rodrigo Gallardo,2026-05-06,19:49:35,-04:00,2026-05-06T19:49:35-04:00,0,8
static\projects\pset2.html,355,html,caf9423f,Rodrigo Gallardo,2026-05-06,19:49:35,-04:00,2026-05-06T19:49:35-04:00,0,0
static\projects\pset2.html,356,html,caf9423f,Rodrigo Gallardo,2026-05-06,19:49:35,-04:00,2026-05-06T19:49:35-04:00,0,2
static\projects\pset2.html,357,html,caf9423f,Rodrigo Gallardo,2026-05-06,19:49:35,-04:00,2026-05-06T19:49:35-04:00,0,208
static\projects\pset2.html,358,html,caf9423f,Rodrigo Gallardo,2026-05-06,19:49:35,-04:00,2026-05-06T19:49:35-04:00,0,186
static\projects\pset2.html,359,html,caf9423f,Rodrigo Gallardo,2026-05-06,19:49:35,-04:00,2026-05-06T19:49:35-04:00,0,88
static\projects\pset2.html,360,html,caf9423f,Rodrigo Gallardo,2026-05-06,19:49:35,-04:00,2026-05-06T19:49:35-04:00,0,3
static\projects\pset2.html,361,html,caf9423f,Rodrigo Gallardo,2026-05-06,19:49:35,-04:00,2026-05-06T19:49:35-04:00,0,0
static\projects\pset2.html,362,html,caf9423f,Rodrigo Gallardo,2026-05-06,19:49:35,-04:00,2026-05-06T19:49:35-04:00,0,18
static\projects\pset2.html,363,html,caf9423f,Rodrigo Gallardo,2026-05-06,19:49:35,-04:00,2026-05-06T19:49:35-04:00,0,3
static\projects\pset2.html,364,html,caf9423f,Rodrigo Gallardo,2026-05-06,19:49:35,-04:00,2026-05-06T19:49:35-04:00,0,183
static\projects\pset2.html,365,html,caf9423f,Rodrigo Gallardo,2026-05-06,19:49:35,-04:00,2026-05-06T19:49:35-04:00,0,170
static\projects\pset2.html,366,html,caf9423f,Rodrigo Gallardo,2026-05-06,19:49:35,-04:00,2026-05-06T19:49:35-04:00,0,4
static\projects\pset2.html,367,html,caf9423f,Rodrigo Gallardo,2026-05-06,19:49:35,-04:00,2026-05-06T19:49:35-04:00,0,9
static\projects\pset2.html,368,html,caf9423f,Rodrigo Gallardo,2026-05-06,19:49:35,-04:00,2026-05-06T19:49:35-04:00,0,0
static\projects\pset2.html,369,html,caf9423f,Rodrigo Gallardo,2026-05-06,19:49:35,-04:00,2026-05-06T19:49:35-04:00,0,6
static\projects\pset2.html,370,html,caf9423f,Rodrigo Gallardo,2026-05-06,19:49:35,-04:00,2026-05-06T19:49:35-04:00,0,0
static\projects\pset2.html,371,html,caf9423f,Rodrigo Gallardo,2026-05-06,19:49:35,-04:00,2026-05-06T19:49:35-04:00,0,7
static\projects\pset2.html,372,html,caf9423f,Rodrigo Gallardo,2026-05-06,19:49:35,-04:00,2026-05-06T19:49:35-04:00,0,34
static\projects\pset2.html,373,html,caf9423f,Rodrigo Gallardo,2026-05-06,19:49:35,-04:00,2026-05-06T19:49:35-04:00,0,8
static\projects\pset2.html,374,html,caf9423f,Rodrigo Gallardo,2026-05-06,19:49:35,-04:00,2026-05-06T19:49:35-04:00,0,6
static\projects\pset2.html,375,html,caf9423f,Rodrigo Gallardo,2026-05-06,19:49:35,-04:00,2026-05-06T19:49:35-04:00,0,6
src\app.html,1,html,926dfe4,Rodrigo Gallardo,2026-05-04,13:45:44,-04:00,2026-05-04T13:45:44-04:00,0,14
src\app.html,2,html,926dfe4,Rodrigo Gallardo,2026-05-04,13:45:44,-04:00,2026-05-04T13:45:44-04:00,0,15
src\app.html,3,html,926dfe4,Rodrigo Gallardo,2026-05-04,13:45:44,-04:00,2026-05-04T13:45:44-04:00,1,5
src\app.html,4,html,926dfe4,Rodrigo Gallardo,2026-05-04,13:45:44,-04:00,2026-05-04T13:45:44-04:00,2,23
src\app.html,5,html,926dfe4,Rodrigo Gallardo,2026-05-04,13:45:44,-04:00,2026-05-04T13:45:44-04:00,2,23
src\app.html,6,html,926dfe4,Rodrigo Gallardo,2026-05-04,13:45:44,-04:00,2026-05-04T13:45:44-04:00,2,56
src\app.html,7,html,926dfe4,Rodrigo Gallardo,2026-05-04,13:45:44,-04:00,2026-05-04T13:45:44-04:00,2,60
src\app.html,8,html,926dfe4,Rodrigo Gallardo,2026-05-04,13:45:44,-04:00,2026-05-04T13:45:44-04:00,2,52
src\app.html,9,html,926dfe4,Rodrigo Gallardo,2026-05-04,13:45:44,-04:00,2026-05-04T13:45:44-04:00,2,15
src\app.html,10,html,926dfe4,Rodrigo Gallardo,2026-05-04,13:45:44,-04:00,2026-05-04T13:45:44-04:00,1,6
src\app.html,11,html,926dfe4,Rodrigo Gallardo,2026-05-04,13:45:44,-04:00,2026-05-04T13:45:44-04:00,1,41
src\app.html,12,html,926dfe4,Rodrigo Gallardo,2026-05-04,13:45:44,-04:00,2026-05-04T13:45:44-04:00,2,52
src\app.html,13,html,926dfe4,Rodrigo Gallardo,2026-05-04,13:45:44,-04:00,2026-05-04T13:45:44-04:00,1,6
src\app.html,14,html,926dfe4,Rodrigo Gallardo,2026-05-04,13:45:44,-04:00,2026-05-04T13:45:44-04:00,0,6
src\routes\+page.svelte,1,svelte,c6711f2f,Rodrigo Gallardo,2026-05-06,18:32:58,-04:00,2026-05-06T18:32:58-04:00,0,7
src\routes\+page.svelte,2,js,c6711f2f,Rodrigo Gallardo,2026-05-06,18:32:58,-04:00,2026-05-06T18:32:58-04:00,1,33
src\routes\+page.svelte,3,js,ecd173bd,Rodrigo Gallardo,2026-05-06,20:00:28,-04:00,2026-05-06T20:00:28-04:00,1,41
src\routes\+page.svelte,4,js,ecd173bd,Rodrigo Gallardo,2026-05-06,20:00:28,-04:00,2026-05-06T20:00:28-04:00,1,41
src\routes\+page.svelte,5,js,ecd173bd,Rodrigo Gallardo,2026-05-06,20:00:28,-04:00,2026-05-06T20:00:28-04:00,1,39
src\routes\+page.svelte,6,js,ecd173bd,Rodrigo Gallardo,2026-05-06,20:00:28,-04:00,2026-05-06T20:00:28-04:00,1,49
src\routes\+page.svelte,7,js,b93bfce4,Rodrigo Gallardo,2026-05-06,20:23:40,-04:00,2026-05-06T20:23:40-04:00,1,32
src\routes\+page.svelte,8,js,b93bfce4,Rodrigo Gallardo,2026-05-06,20:23:40,-04:00,2026-05-06T20:23:40-04:00,0,0
src\routes\+page.svelte,9,js,b93bfce4,Rodrigo Gallardo,2026-05-06,20:23:40,-04:00,2026-05-06T20:23:40-04:00,1,21
src\routes\+page.svelte,10,js,b93bfce4,Rodrigo Gallardo,2026-05-06,20:23:40,-04:00,2026-05-06T20:23:40-04:00,1,18
src\routes\+page.svelte,11,js,b93bfce4,Rodrigo Gallardo,2026-05-06,20:23:40,-04:00,2026-05-06T20:23:40-04:00,1,16
src\routes\+page.svelte,12,js,b93bfce4,Rodrigo Gallardo,2026-05-06,20:23:40,-04:00,2026-05-06T20:23:40-04:00,0,0
src\routes\+page.svelte,13,js,b93bfce4,Rodrigo Gallardo,2026-05-06,20:23:40,-04:00,2026-05-06T20:23:40-04:00,1,20
src\routes\+page.svelte,14,js,b93bfce4,Rodrigo Gallardo,2026-05-06,20:23:40,-04:00,2026-05-06T20:23:40-04:00,2,4
src\routes\+page.svelte,15,js,b93bfce4,Rodrigo Gallardo,2026-05-06,20:23:40,-04:00,2026-05-06T20:23:40-04:00,3,78
src\routes\+page.svelte,16,js,b93bfce4,Rodrigo Gallardo,2026-05-06,20:23:40,-04:00,2026-05-06T20:23:40-04:00,3,34
src\routes\+page.svelte,17,js,b93bfce4,Rodrigo Gallardo,2026-05-06,20:23:40,-04:00,2026-05-06T20:23:40-04:00,2,14
src\routes\+page.svelte,18,js,b93bfce4,Rodrigo Gallardo,2026-05-06,20:23:40,-04:00,2026-05-06T20:23:40-04:00,3,11
src\routes\+page.svelte,19,js,b93bfce4,Rodrigo Gallardo,2026-05-06,20:23:40,-04:00,2026-05-06T20:23:40-04:00,2,0
src\routes\+page.svelte,20,js,b93bfce4,Rodrigo Gallardo,2026-05-06,20:23:40,-04:00,2026-05-06T20:23:40-04:00,2,15
src\routes\+page.svelte,21,js,b93bfce4,Rodrigo Gallardo,2026-05-06,20:23:40,-04:00,2026-05-06T20:23:40-04:00,1,2
src\routes\+page.svelte,22,svelte,c6711f2f,Rodrigo Gallardo,2026-05-06,18:32:58,-04:00,2026-05-06T18:32:58-04:00,0,8
src\routes\+page.svelte,23,svelte,c6711f2f,Rodrigo Gallardo,2026-05-06,18:32:58,-04:00,2026-05-06T18:32:58-04:00,0,0
src\routes\+page.svelte,24,svelte,f6c61a87,Rodrigo Gallardo,2026-05-04,13:58:26,-04:00,2026-05-04T13:58:26-04:00,0,12
src\routes\+page.svelte,25,svelte,f6c61a87,Rodrigo Gallardo,2026-05-04,13:58:26,-04:00,2026-05-04T13:58:26-04:00,1,59
src\routes\+page.svelte,26,svelte,f6c61a87,Rodrigo Gallardo,2026-05-04,13:58:26,-04:00,2026-05-04T13:58:26-04:00,0,13
src\routes\+page.svelte,27,svelte,f6c61a87,Rodrigo Gallardo,2026-05-04,13:58:26,-04:00,2026-05-04T13:58:26-04:00,0,0
src\routes\+page.svelte,28,svelte,f6c61a87,Rodrigo Gallardo,2026-05-04,13:58:26,-04:00,2026-05-04T13:58:26-04:00,0,24
src\routes\+page.svelte,29,svelte,f6c61a87,Rodrigo Gallardo,2026-05-04,13:58:26,-04:00,2026-05-04T13:58:26-04:00,0,0
src\routes\+page.svelte,30,svelte,f6c61a87,Rodrigo Gallardo,2026-05-04,13:58:26,-04:00,2026-05-04T13:58:26-04:00,0,24
src\routes\+page.svelte,31,svelte,f6c61a87,Rodrigo Gallardo,2026-05-04,13:58:26,-04:00,2026-05-04T13:58:26-04:00,1,2
src\routes\+page.svelte,32,svelte,f6c61a87,Rodrigo Gallardo,2026-05-04,13:58:26,-04:00,2026-05-04T13:58:26-04:00,2,75
src\routes\+page.svelte,33,svelte,f6c61a87,Rodrigo Gallardo,2026-05-04,13:58:26,-04:00,2026-05-04T13:58:26-04:00,2,76
src\routes\+page.svelte,34,svelte,f6c61a87,Rodrigo Gallardo,2026-05-04,13:58:26,-04:00,2026-05-04T13:58:26-04:00,2,70
src\routes\+page.svelte,35,svelte,f6c61a87,Rodrigo Gallardo,2026-05-04,13:58:26,-04:00,2026-05-04T13:58:26-04:00,1,3
src\routes\+page.svelte,36,svelte,c6711f2f,Rodrigo Gallardo,2026-05-06,18:32:58,-04:00,2026-05-06T18:32:58-04:00,1,37
src\routes\+page.svelte,37,svelte,f6c61a87,Rodrigo Gallardo,2026-05-04,13:58:26,-04:00,2026-05-04T13:58:26-04:00,2,30
src\routes\+page.svelte,38,svelte,f6c61a87,Rodrigo Gallardo,2026-05-04,13:58:26,-04:00,2026-05-04T13:58:26-04:00,2,20
src\routes\+page.svelte,39,svelte,f6c61a87,Rodrigo Gallardo,2026-05-04,13:58:26,-04:00,2026-05-04T13:58:26-04:00,0,5
src\routes\+page.svelte,40,svelte,ecd173bd,Rodrigo Gallardo,2026-05-06,20:00:28,-04:00,2026-05-06T20:00:28-04:00,0,0
src\routes\+page.svelte,41,svelte,b93bfce4,Rodrigo Gallardo,2026-05-06,20:23:40,-04:00,2026-05-06T20:23:40-04:00,0,29
src\routes\+page.svelte,42,svelte,b93bfce4,Rodrigo Gallardo,2026-05-06,20:23:40,-04:00,2026-05-06T20:23:40-04:00,0,20
src\routes\+page.svelte,43,svelte,b93bfce4,Rodrigo Gallardo,2026-05-06,20:23:40,-04:00,2026-05-06T20:23:40-04:00,0,12
src\routes\+page.svelte,44,svelte,b93bfce4,Rodrigo Gallardo,2026-05-06,20:23:40,-04:00,2026-05-06T20:23:40-04:00,0,16
src\routes\+page.svelte,45,svelte,b93bfce4,Rodrigo Gallardo,2026-05-06,20:23:40,-04:00,2026-05-06T20:23:40-04:00,0,15
src\routes\+page.svelte,46,svelte,b93bfce4,Rodrigo Gallardo,2026-05-06,20:23:40,-04:00,2026-05-06T20:23:40-04:00,0,43
src\routes\+page.svelte,47,svelte,b93bfce4,Rodrigo Gallardo,2026-05-06,20:23:40,-04:00,2026-05-06T20:23:40-04:00,0,6
src\routes\+page.svelte,48,svelte,b93bfce4,Rodrigo Gallardo,2026-05-06,20:23:40,-04:00,2026-05-06T20:23:40-04:00,0,3
src\routes\+page.svelte,49,svelte,b93bfce4,Rodrigo Gallardo,2026-05-06,20:23:40,-04:00,2026-05-06T20:23:40-04:00,0,20
src\routes\+page.svelte,50,svelte,b93bfce4,Rodrigo Gallardo,2026-05-06,20:23:40,-04:00,2026-05-06T20:23:40-04:00,0,33
src\routes\+page.svelte,51,svelte,b93bfce4,Rodrigo Gallardo,2026-05-06,20:23:40,-04:00,2026-05-06T20:23:40-04:00,0,17
src\routes\+page.svelte,52,svelte,b93bfce4,Rodrigo Gallardo,2026-05-06,20:23:40,-04:00,2026-05-06T20:23:40-04:00,0,30
src\routes\+page.svelte,53,svelte,b93bfce4,Rodrigo Gallardo,2026-05-06,20:23:40,-04:00,2026-05-06T20:23:40-04:00,0,17
src\routes\+page.svelte,54,svelte,b93bfce4,Rodrigo Gallardo,2026-05-06,20:23:40,-04:00,2026-05-06T20:23:40-04:00,0,30
src\routes\+page.svelte,55,svelte,b93bfce4,Rodrigo Gallardo,2026-05-06,20:23:40,-04:00,2026-05-06T20:23:40-04:00,0,20
src\routes\+page.svelte,56,svelte,b93bfce4,Rodrigo Gallardo,2026-05-06,20:23:40,-04:00,2026-05-06T20:23:40-04:00,0,55
src\routes\+page.svelte,57,svelte,b93bfce4,Rodrigo Gallardo,2026-05-06,20:23:40,-04:00,2026-05-06T20:23:40-04:00,0,4
src\routes\+page.svelte,58,svelte,b93bfce4,Rodrigo Gallardo,2026-05-06,20:23:40,-04:00,2026-05-06T20:23:40-04:00,0,4
src\routes\+page.svelte,59,svelte,b93bfce4,Rodrigo Gallardo,2026-05-06,20:23:40,-04:00,2026-05-06T20:23:40-04:00,0,9
src\routes\+page.svelte,60,svelte,b93bfce4,Rodrigo Gallardo,2026-05-06,20:23:40,-04:00,2026-05-06T20:23:40-04:00,0,0
src\routes\+page.svelte,61,svelte,ecd173bd,Rodrigo Gallardo,2026-05-06,20:00:28,-04:00,2026-05-06T20:00:28-04:00,0,23
src\routes\+page.svelte,62,svelte,ecd173bd,Rodrigo Gallardo,2026-05-06,20:00:28,-04:00,2026-05-06T20:00:28-04:00,0,32
src\routes\+page.svelte,63,svelte,ecd173bd,Rodrigo Gallardo,2026-05-06,20:00:28,-04:00,2026-05-06T20:00:28-04:00,0,32
src\routes\+page.svelte,64,svelte,ecd173bd,Rodrigo Gallardo,2026-05-06,20:00:28,-04:00,2026-05-06T20:00:28-04:00,0,19
src\routes\+page.svelte,65,svelte,ecd173bd,Rodrigo Gallardo,2026-05-06,20:00:28,-04:00,2026-05-06T20:00:28-04:00,0,6
src\routes\+page.svelte,66,svelte,ecd173bd,Rodrigo Gallardo,2026-05-06,20:00:28,-04:00,2026-05-06T20:00:28-04:00,0,5
src\routes\+page.svelte,67,svelte,ecd173bd,Rodrigo Gallardo,2026-05-06,20:00:28,-04:00,2026-05-06T20:00:28-04:00,0,0
src\routes\+page.svelte,68,svelte,ecd173bd,Rodrigo Gallardo,2026-05-06,20:00:28,-04:00,2026-05-06T20:00:28-04:00,0,24
src\routes\+page.svelte,69,svelte,ecd173bd,Rodrigo Gallardo,2026-05-06,20:00:28,-04:00,2026-05-06T20:00:28-04:00,0,20
src\routes\+page.svelte,70,svelte,ecd173bd,Rodrigo Gallardo,2026-05-06,20:00:28,-04:00,2026-05-06T20:00:28-04:00,0,22
src\routes\+page.svelte,71,svelte,ecd173bd,Rodrigo Gallardo,2026-05-06,20:00:28,-04:00,2026-05-06T20:00:28-04:00,0,26
src\routes\+page.svelte,72,svelte,ecd173bd,Rodrigo Gallardo,2026-05-06,20:00:28,-04:00,2026-05-06T20:00:28-04:00,0,6
src\routes\+page.svelte,73,svelte,ecd173bd,Rodrigo Gallardo,2026-05-06,20:00:28,-04:00,2026-05-06T20:00:28-04:00,0,5
src\routes\+page.svelte,74,svelte,b93bfce4,Rodrigo Gallardo,2026-05-06,20:23:40,-04:00,2026-05-06T20:23:40-04:00,0,0
src\routes\+page.svelte,75,svelte,b93bfce4,Rodrigo Gallardo,2026-05-06,20:23:40,-04:00,2026-05-06T20:23:40-04:00,0,6
src\routes\+page.svelte,76,css,b93bfce4,Rodrigo Gallardo,2026-05-06,20:23:40,-04:00,2026-05-06T20:23:40-04:00,0,17
src\routes\+page.svelte,77,css,b93bfce4,Rodrigo Gallardo,2026-05-06,20:23:40,-04:00,2026-05-06T20:23:40-04:00,0,13
src\routes\+page.svelte,78,css,b93bfce4,Rodrigo Gallardo,2026-05-06,20:23:40,-04:00,2026-05-06T20:23:40-04:00,0,37
src\routes\+page.svelte,79,css,b93bfce4,Rodrigo Gallardo,2026-05-06,20:23:40,-04:00,2026-05-06T20:23:40-04:00,0,10
src\routes\+page.svelte,80,css,b93bfce4,Rodrigo Gallardo,2026-05-06,20:23:40,-04:00,2026-05-06T20:23:40-04:00,0,18
src\routes\+page.svelte,81,css,b93bfce4,Rodrigo Gallardo,2026-05-06,20:23:40,-04:00,2026-05-06T20:23:40-04:00,0,0
src\routes\+page.svelte,82,css,b93bfce4,Rodrigo Gallardo,2026-05-06,20:23:40,-04:00,2026-05-06T20:23:40-04:00,0,17
src\routes\+page.svelte,83,css,b93bfce4,Rodrigo Gallardo,2026-05-06,20:23:40,-04:00,2026-05-06T20:23:40-04:00,0,11
src\routes\+page.svelte,84,css,b93bfce4,Rodrigo Gallardo,2026-05-06,20:23:40,-04:00,2026-05-06T20:23:40-04:00,0,18
src\routes\+page.svelte,85,css,b93bfce4,Rodrigo Gallardo,2026-05-06,20:23:40,-04:00,2026-05-06T20:23:40-04:00,0,11
src\routes\+page.svelte,86,css,b93bfce4,Rodrigo Gallardo,2026-05-06,20:23:40,-04:00,2026-05-06T20:23:40-04:00,0,25
src\routes\+page.svelte,87,css,b93bfce4,Rodrigo Gallardo,2026-05-06,20:23:40,-04:00,2026-05-06T20:23:40-04:00,0,0
src\routes\+page.svelte,88,css,b93bfce4,Rodrigo Gallardo,2026-05-06,20:23:40,-04:00,2026-05-06T20:23:40-04:00,0,17
src\routes\+page.svelte,89,css,b93bfce4,Rodrigo Gallardo,2026-05-06,20:23:40,-04:00,2026-05-06T20:23:40-04:00,0,11
src\routes\+page.svelte,90,css,b93bfce4,Rodrigo Gallardo,2026-05-06,20:23:40,-04:00,2026-05-06T20:23:40-04:00,0,15
src\routes\+page.svelte,91,css,b93bfce4,Rodrigo Gallardo,2026-05-06,20:23:40,-04:00,2026-05-06T20:23:40-04:00,0,17
src\routes\+page.svelte,92,css,b93bfce4,Rodrigo Gallardo,2026-05-06,20:23:40,-04:00,2026-05-06T20:23:40-04:00,0,9
src\routes\+page.svelte,93,css,b93bfce4,Rodrigo Gallardo,2026-05-06,20:23:40,-04:00,2026-05-06T20:23:40-04:00,0,0
src\routes\+page.svelte,94,svelte,b93bfce4,Rodrigo Gallardo,2026-05-06,20:23:40,-04:00,2026-05-06T20:23:40-04:00,0,7
src\routes\+layout.svelte,1,svelte,ad8efe32,Rodrigo Gallardo,2026-05-06,20:08:55,-04:00,2026-05-06T20:08:55-04:00,0,7
src\routes\+layout.svelte,2,js,ad8efe32,Rodrigo Gallardo,2026-05-06,20:08:55,-04:00,2026-05-06T20:08:55-04:00,0,33
src\routes\+layout.svelte,3,js,ad8efe32,Rodrigo Gallardo,2026-05-06,20:08:55,-04:00,2026-05-06T20:08:55-04:00,0,34
src\routes\+layout.svelte,4,js,ad8efe32,Rodrigo Gallardo,2026-05-06,20:08:55,-04:00,2026-05-06T20:08:55-04:00,0,0
src\routes\+layout.svelte,5,js,ad8efe32,Rodrigo Gallardo,2026-05-06,20:08:55,-04:00,2026-05-06T20:08:55-04:00,0,12
src\routes\+layout.svelte,6,js,ad8efe32,Rodrigo Gallardo,2026-05-06,20:08:55,-04:00,2026-05-06T20:08:55-04:00,0,27
src\routes\+layout.svelte,7,js,ad8efe32,Rodrigo Gallardo,2026-05-06,20:08:55,-04:00,2026-05-06T20:08:55-04:00,0,39
src\routes\+layout.svelte,8,js,ad8efe32,Rodrigo Gallardo,2026-05-06,20:08:55,-04:00,2026-05-06T20:08:55-04:00,0,37
src\routes\+layout.svelte,9,js,ad8efe32,Rodrigo Gallardo,2026-05-06,20:08:55,-04:00,2026-05-06T20:08:55-04:00,0,35
src\routes\+layout.svelte,10,js,2a4b83c1,Rodrigo Gallardo,2026-05-06,23:42:38,-04:00,2026-05-06T23:42:38-04:00,0,31
src\routes\+layout.svelte,11,js,ad8efe32,Rodrigo Gallardo,2026-05-06,20:08:55,-04:00,2026-05-06T20:08:55-04:00,0,65
src\routes\+layout.svelte,12,js,ad8efe32,Rodrigo Gallardo,2026-05-06,20:08:55,-04:00,2026-05-06T20:08:55-04:00,0,1
src\routes\+layout.svelte,13,js,ad8efe32,Rodrigo Gallardo,2026-05-06,20:08:55,-04:00,2026-05-06T20:08:55-04:00,0,0
src\routes\+layout.svelte,14,js,ad8efe32,Rodrigo Gallardo,2026-05-06,20:08:55,-04:00,2026-05-06T20:08:55-04:00,0,48
src\routes\+layout.svelte,15,js,ad8efe32,Rodrigo Gallardo,2026-05-06,20:08:55,-04:00,2026-05-06T20:08:55-04:00,0,58
src\routes\+layout.svelte,16,js,ad8efe32,Rodrigo Gallardo,2026-05-06,20:08:55,-04:00,2026-05-06T20:08:55-04:00,0,0
src\routes\+layout.svelte,17,js,ad8efe32,Rodrigo Gallardo,2026-05-06,20:08:55,-04:00,2026-05-06T20:08:55-04:00,0,47
src\routes\+layout.svelte,18,js,ad8efe32,Rodrigo Gallardo,2026-05-06,20:08:55,-04:00,2026-05-06T20:08:55-04:00,0,55
src\routes\+layout.svelte,19,js,ad8efe32,Rodrigo Gallardo,2026-05-06,20:08:55,-04:00,2026-05-06T20:08:55-04:00,0,41
src\routes\+layout.svelte,20,svelte,ad8efe32,Rodrigo Gallardo,2026-05-06,20:08:55,-04:00,2026-05-06T20:08:55-04:00,0,8
src\routes\+layout.svelte,21,svelte,ad8efe32,Rodrigo Gallardo,2026-05-06,20:08:55,-04:00,2026-05-06T20:08:55-04:00,0,0
src\routes\+layout.svelte,22,svelte,ad8efe32,Rodrigo Gallardo,2026-05-06,20:08:55,-04:00,2026-05-06T20:08:55-04:00,0,34
src\routes\+layout.svelte,23,svelte,ad8efe32,Rodrigo Gallardo,2026-05-06,20:08:55,-04:00,2026-05-06T20:08:55-04:00,0,5
src\routes\+layout.svelte,24,svelte,ad8efe32,Rodrigo Gallardo,2026-05-06,20:08:55,-04:00,2026-05-06T20:08:55-04:00,0,32
src\routes\+layout.svelte,25,svelte,ad8efe32,Rodrigo Gallardo,2026-05-06,20:08:55,-04:00,2026-05-06T20:08:55-04:00,0,44
src\routes\+layout.svelte,26,svelte,ad8efe32,Rodrigo Gallardo,2026-05-06,20:08:55,-04:00,2026-05-06T20:08:55-04:00,0,35
src\routes\+layout.svelte,27,svelte,ad8efe32,Rodrigo Gallardo,2026-05-06,20:08:55,-04:00,2026-05-06T20:08:55-04:00,0,33
src\routes\+layout.svelte,28,svelte,ad8efe32,Rodrigo Gallardo,2026-05-06,20:08:55,-04:00,2026-05-06T20:08:55-04:00,0,8
src\routes\+layout.svelte,29,svelte,ad8efe32,Rodrigo Gallardo,2026-05-06,20:08:55,-04:00,2026-05-06T20:08:55-04:00,0,7
src\routes\+layout.svelte,30,svelte,ad8efe32,Rodrigo Gallardo,2026-05-06,20:08:55,-04:00,2026-05-06T20:08:55-04:00,0,0
src\routes\+layout.svelte,31,svelte,ad8efe32,Rodrigo Gallardo,2026-05-06,20:08:55,-04:00,2026-05-06T20:08:55-04:00,0,4
src\routes\+layout.svelte,32,svelte,ad8efe32,Rodrigo Gallardo,2026-05-06,20:08:55,-04:00,2026-05-06T20:08:55-04:00,0,17
src\routes\+layout.svelte,33,svelte,ad8efe32,Rodrigo Gallardo,2026-05-06,20:08:55,-04:00,2026-05-06T20:08:55-04:00,0,1
src\routes\+layout.svelte,34,svelte,ad8efe32,Rodrigo Gallardo,2026-05-06,20:08:55,-04:00,2026-05-06T20:08:55-04:00,0,53
src\routes\+layout.svelte,35,svelte,ad8efe32,Rodrigo Gallardo,2026-05-06,20:08:55,-04:00,2026-05-06T20:08:55-04:00,0,50
src\routes\+layout.svelte,36,svelte,ad8efe32,Rodrigo Gallardo,2026-05-06,20:08:55,-04:00,2026-05-06T20:08:55-04:00,0,27
src\routes\+layout.svelte,37,svelte,ad8efe32,Rodrigo Gallardo,2026-05-06,20:08:55,-04:00,2026-05-06T20:08:55-04:00,0,34
src\routes\+layout.svelte,38,svelte,ad8efe32,Rodrigo Gallardo,2026-05-06,20:08:55,-04:00,2026-05-06T20:08:55-04:00,0,45
src\routes\+layout.svelte,39,svelte,ad8efe32,Rodrigo Gallardo,2026-05-06,20:08:55,-04:00,2026-05-06T20:08:55-04:00,0,0
src\routes\+layout.svelte,40,svelte,ad8efe32,Rodrigo Gallardo,2026-05-06,20:08:55,-04:00,2026-05-06T20:08:55-04:00,0,8
src\routes\+layout.svelte,41,svelte,ad8efe32,Rodrigo Gallardo,2026-05-06,20:08:55,-04:00,2026-05-06T20:08:55-04:00,0,3
src\routes\+layout.svelte,42,svelte,ad8efe32,Rodrigo Gallardo,2026-05-06,20:08:55,-04:00,2026-05-06T20:08:55-04:00,0,6
src\routes\+layout.svelte,43,svelte,ad8efe32,Rodrigo Gallardo,2026-05-06,20:08:55,-04:00,2026-05-06T20:08:55-04:00,0,5
src\routes\+layout.svelte,44,svelte,ad8efe32,Rodrigo Gallardo,2026-05-06,20:08:55,-04:00,2026-05-06T20:08:55-04:00,0,0
src\routes\+layout.svelte,45,svelte,ad8efe32,Rodrigo Gallardo,2026-05-06,20:08:55,-04:00,2026-05-06T20:08:55-04:00,0,7
src\routes\+layout.svelte,46,svelte,ad8efe32,Rodrigo Gallardo,2026-05-06,20:08:55,-04:00,2026-05-06T20:08:55-04:00,0,0
src\routes\+layout.svelte,47,svelte,ad8efe32,Rodrigo Gallardo,2026-05-06,20:08:55,-04:00,2026-05-06T20:08:55-04:00,0,6
src\routes\+layout.svelte,48,css,ad8efe32,Rodrigo Gallardo,2026-05-06,20:08:55,-04:00,2026-05-06T20:08:55-04:00,0,21
src\routes\+layout.svelte,49,css,ad8efe32,Rodrigo Gallardo,2026-05-06,20:08:55,-04:00,2026-05-06T20:08:55-04:00,0,18
src\routes\+layout.svelte,50,css,ad8efe32,Rodrigo Gallardo,2026-05-06,20:08:55,-04:00,2026-05-06T20:08:55-04:00,0,9
src\routes\+layout.svelte,51,css,ad8efe32,Rodrigo Gallardo,2026-05-06,20:08:55,-04:00,2026-05-06T20:08:55-04:00,0,11
src\routes\+layout.svelte,52,css,ad8efe32,Rodrigo Gallardo,2026-05-06,20:08:55,-04:00,2026-05-06T20:08:55-04:00,0,20
src\routes\+layout.svelte,53,css,ad8efe32,Rodrigo Gallardo,2026-05-06,20:08:55,-04:00,2026-05-06T20:08:55-04:00,0,8
src\routes\+layout.svelte,54,css,ad8efe32,Rodrigo Gallardo,2026-05-06,20:08:55,-04:00,2026-05-06T20:08:55-04:00,0,14
src\routes\+layout.svelte,55,css,d6c01ee1,Rodrigo Gallardo,2026-05-06,20:16:22,-04:00,2026-05-06T20:16:22-04:00,0,20
src\routes\+layout.svelte,56,css,d6c01ee1,Rodrigo Gallardo,2026-05-06,20:16:22,-04:00,2026-05-06T20:16:22-04:00,0,0
src\routes\+layout.svelte,57,css,d6c01ee1,Rodrigo Gallardo,2026-05-06,20:16:22,-04:00,2026-05-06T20:16:22-04:00,0,0
src\routes\+layout.svelte,58,css,d6c01ee1,Rodrigo Gallardo,2026-05-06,20:16:22,-04:00,2026-05-06T20:16:22-04:00,0,15
src\routes\+layout.svelte,59,css,d6c01ee1,Rodrigo Gallardo,2026-05-06,20:16:22,-04:00,2026-05-06T20:16:22-04:00,0,40
src\routes\+layout.svelte,60,css,d6c01ee1,Rodrigo Gallardo,2026-05-06,20:16:22,-04:00,2026-05-06T20:16:22-04:00,0,38
src\routes\+layout.svelte,61,css,d6c01ee1,Rodrigo Gallardo,2026-05-06,20:16:22,-04:00,2026-05-06T20:16:22-04:00,0,28
src\routes\+layout.svelte,62,css,d6c01ee1,Rodrigo Gallardo,2026-05-06,20:16:22,-04:00,2026-05-06T20:16:22-04:00,0,13
src\routes\+layout.svelte,63,css,d6c01ee1,Rodrigo Gallardo,2026-05-06,20:16:22,-04:00,2026-05-06T20:16:22-04:00,0,13
src\routes\+layout.svelte,64,css,d6c01ee1,Rodrigo Gallardo,2026-05-06,20:16:22,-04:00,2026-05-06T20:16:22-04:00,0,12
src\routes\+layout.svelte,65,css,d6c01ee1,Rodrigo Gallardo,2026-05-06,20:16:22,-04:00,2026-05-06T20:16:22-04:00,0,0
src\routes\+layout.svelte,66,css,d6c01ee1,Rodrigo Gallardo,2026-05-06,20:16:22,-04:00,2026-05-06T20:16:22-04:00,0,0
src\routes\+layout.svelte,67,css,d6c01ee1,Rodrigo Gallardo,2026-05-06,20:16:22,-04:00,2026-05-06T20:16:22-04:00,0,14
src\routes\+layout.svelte,68,css,d6c01ee1,Rodrigo Gallardo,2026-05-06,20:16:22,-04:00,2026-05-06T20:16:22-04:00,0,27
src\routes\+layout.svelte,69,css,d6c01ee1,Rodrigo Gallardo,2026-05-06,20:16:22,-04:00,2026-05-06T20:16:22-04:00,0,18
src\routes\+layout.svelte,70,css,d6c01ee1,Rodrigo Gallardo,2026-05-06,20:16:22,-04:00,2026-05-06T20:16:22-04:00,0,0
src\routes\+layout.svelte,71,css,d6c01ee1,Rodrigo Gallardo,2026-05-06,20:16:22,-04:00,2026-05-06T20:16:22-04:00,0,0
src\routes\+layout.svelte,72,css,d6c01ee1,Rodrigo Gallardo,2026-05-06,20:16:22,-04:00,2026-05-06T20:16:22-04:00,0,39
src\routes\+layout.svelte,73,css,d6c01ee1,Rodrigo Gallardo,2026-05-06,20:16:22,-04:00,2026-05-06T20:16:22-04:00,0,13
src\routes\+layout.svelte,74,css,d6c01ee1,Rodrigo Gallardo,2026-05-06,20:16:22,-04:00,2026-05-06T20:16:22-04:00,0,15
src\routes\+layout.svelte,75,css,d6c01ee1,Rodrigo Gallardo,2026-05-06,20:16:22,-04:00,2026-05-06T20:16:22-04:00,0,15
src\routes\+layout.svelte,76,css,d6c01ee1,Rodrigo Gallardo,2026-05-06,20:16:22,-04:00,2026-05-06T20:16:22-04:00,0,36
src\routes\+layout.svelte,77,css,d6c01ee1,Rodrigo Gallardo,2026-05-06,20:16:22,-04:00,2026-05-06T20:16:22-04:00,0,28
src\routes\+layout.svelte,78,css,d6c01ee1,Rodrigo Gallardo,2026-05-06,20:16:22,-04:00,2026-05-06T20:16:22-04:00,0,0
src\routes\+layout.svelte,79,css,d6c01ee1,Rodrigo Gallardo,2026-05-06,20:16:22,-04:00,2026-05-06T20:16:22-04:00,0,0
src\routes\+layout.svelte,80,css,d6c01ee1,Rodrigo Gallardo,2026-05-06,20:16:22,-04:00,2026-05-06T20:16:22-04:00,0,13
src\routes\+layout.svelte,81,css,d6c01ee1,Rodrigo Gallardo,2026-05-06,20:16:22,-04:00,2026-05-06T20:16:22-04:00,0,40
src\routes\+layout.svelte,82,css,d6c01ee1,Rodrigo Gallardo,2026-05-06,20:16:22,-04:00,2026-05-06T20:16:22-04:00,0,0
src\routes\+layout.svelte,83,css,d6c01ee1,Rodrigo Gallardo,2026-05-06,20:16:22,-04:00,2026-05-06T20:16:22-04:00,0,0
src\routes\+layout.svelte,84,css,d6c01ee1,Rodrigo Gallardo,2026-05-06,20:16:22,-04:00,2026-05-06T20:16:22-04:00,0,27
src\routes\+layout.svelte,85,css,d6c01ee1,Rodrigo Gallardo,2026-05-06,20:16:22,-04:00,2026-05-06T20:16:22-04:00,0,40
src\routes\+layout.svelte,86,css,d6c01ee1,Rodrigo Gallardo,2026-05-06,20:16:22,-04:00,2026-05-06T20:16:22-04:00,0,0
src\routes\+layout.svelte,87,css,d6c01ee1,Rodrigo Gallardo,2026-05-06,20:16:22,-04:00,2026-05-06T20:16:22-04:00,0,0
src\routes\+layout.svelte,88,css,d6c01ee1,Rodrigo Gallardo,2026-05-06,20:16:22,-04:00,2026-05-06T20:16:22-04:00,0,23
src\routes\+layout.svelte,89,css,d6c01ee1,Rodrigo Gallardo,2026-05-06,20:16:22,-04:00,2026-05-06T20:16:22-04:00,0,40
src\routes\+layout.svelte,90,css,ad8efe32,Rodrigo Gallardo,2026-05-06,20:08:55,-04:00,2026-05-06T20:08:55-04:00,0,0
src\routes\+layout.svelte,91,svelte,ad8efe32,Rodrigo Gallardo,2026-05-06,20:08:55,-04:00,2026-05-06T20:08:55-04:00,0,7
src\routes\+layout.js,1,js,558b0699,Rodrigo Gallardo,2026-05-06,18:07:07,-04:00,2026-05-06T18:07:07-04:00,0,29
src\routes\resume\+page.svelte,1,svelte,926dfe4,Rodrigo Gallardo,2026-05-04,13:45:44,-04:00,2026-05-04T13:45:44-04:00,0,12
src\routes\resume\+page.svelte,2,svelte,f6c61a87,Rodrigo Gallardo,2026-05-04,13:58:26,-04:00,2026-05-04T13:58:26-04:00,1,39
src\routes\resume\+page.svelte,3,svelte,926dfe4,Rodrigo Gallardo,2026-05-04,13:45:44,-04:00,2026-05-04T13:45:44-04:00,0,13
src\routes\resume\+page.svelte,4,svelte,f6c61a87,Rodrigo Gallardo,2026-05-04,13:58:26,-04:00,2026-05-04T13:58:26-04:00,0,0
src\routes\resume\+page.svelte,5,svelte,f6c61a87,Rodrigo Gallardo,2026-05-04,13:58:26,-04:00,2026-05-04T13:58:26-04:00,0,14
src\routes\resume\+page.svelte,6,svelte,f6c61a87,Rodrigo Gallardo,2026-05-04,13:58:26,-04:00,2026-05-04T13:58:26-04:00,0,0
src\routes\resume\+page.svelte,7,svelte,f6c61a87,Rodrigo Gallardo,2026-05-04,13:58:26,-04:00,2026-05-04T13:58:26-04:00,0,23
src\routes\resume\+page.svelte,8,svelte,f6c61a87,Rodrigo Gallardo,2026-05-04,13:58:26,-04:00,2026-05-04T13:58:26-04:00,1,17
src\routes\resume\+page.svelte,9,svelte,f6c61a87,Rodrigo Gallardo,2026-05-04,13:58:26,-04:00,2026-05-04T13:58:26-04:00,0,0
src\routes\resume\+page.svelte,10,svelte,f6c61a87,Rodrigo Gallardo,2026-05-04,13:58:26,-04:00,2026-05-04T13:58:26-04:00,1,8
src\routes\resume\+page.svelte,11,svelte,f6c61a87,Rodrigo Gallardo,2026-05-04,13:58:26,-04:00,2026-05-04T13:58:26-04:00,2,45
src\routes\resume\+page.svelte,12,svelte,f6c61a87,Rodrigo Gallardo,2026-05-04,13:58:26,-04:00,2026-05-04T13:58:26-04:00,2,121
src\routes\resume\+page.svelte,13,svelte,f6c61a87,Rodrigo Gallardo,2026-05-04,13:58:26,-04:00,2026-05-04T13:58:26-04:00,2,56
src\routes\resume\+page.svelte,14,svelte,f6c61a87,Rodrigo Gallardo,2026-05-04,13:58:26,-04:00,2026-05-04T13:58:26-04:00,1,9
src\routes\resume\+page.svelte,15,svelte,f6c61a87,Rodrigo Gallardo,2026-05-04,13:58:26,-04:00,2026-05-04T13:58:26-04:00,0,0
src\routes\resume\+page.svelte,16,svelte,f6c61a87,Rodrigo Gallardo,2026-05-04,13:58:26,-04:00,2026-05-04T13:58:26-04:00,1,8
src\routes\resume\+page.svelte,17,svelte,f6c61a87,Rodrigo Gallardo,2026-05-04,13:58:26,-04:00,2026-05-04T13:58:26-04:00,2,29
src\routes\resume\+page.svelte,18,svelte,f6c61a87,Rodrigo Gallardo,2026-05-04,13:58:26,-04:00,2026-05-04T13:58:26-04:00,2,45
src\routes\resume\+page.svelte,19,svelte,f6c61a87,Rodrigo Gallardo,2026-05-04,13:58:26,-04:00,2026-05-04T13:58:26-04:00,1,9
src\routes\resume\+page.svelte,20,svelte,f6c61a87,Rodrigo Gallardo,2026-05-04,13:58:26,-04:00,2026-05-04T13:58:26-04:00,0,9
src\routes\resume\+page.svelte,21,svelte,f6c61a87,Rodrigo Gallardo,2026-05-04,13:58:26,-04:00,2026-05-04T13:58:26-04:00,0,0
src\routes\resume\+page.svelte,22,svelte,f6c61a87,Rodrigo Gallardo,2026-05-04,13:58:26,-04:00,2026-05-04T13:58:26-04:00,0,23
src\routes\resume\+page.svelte,23,svelte,f6c61a87,Rodrigo Gallardo,2026-05-04,13:58:26,-04:00,2026-05-04T13:58:26-04:00,1,38
src\routes\resume\+page.svelte,24,svelte,f6c61a87,Rodrigo Gallardo,2026-05-04,13:58:26,-04:00,2026-05-04T13:58:26-04:00,0,0
src\routes\resume\+page.svelte,25,svelte,f6c61a87,Rodrigo Gallardo,2026-05-04,13:58:26,-04:00,2026-05-04T13:58:26-04:00,1,8
src\routes\resume\+page.svelte,26,svelte,f6c61a87,Rodrigo Gallardo,2026-05-04,13:58:26,-04:00,2026-05-04T13:58:26-04:00,2,69
src\routes\resume\+page.svelte,27,svelte,f6c61a87,Rodrigo Gallardo,2026-05-04,13:58:26,-04:00,2026-05-04T13:58:26-04:00,2,86
src\routes\resume\+page.svelte,28,svelte,f6c61a87,Rodrigo Gallardo,2026-05-04,13:58:26,-04:00,2026-05-04T13:58:26-04:00,1,9
src\routes\resume\+page.svelte,29,svelte,f6c61a87,Rodrigo Gallardo,2026-05-04,13:58:26,-04:00,2026-05-04T13:58:26-04:00,0,0
src\routes\resume\+page.svelte,30,svelte,f6c61a87,Rodrigo Gallardo,2026-05-04,13:58:26,-04:00,2026-05-04T13:58:26-04:00,1,8
src\routes\resume\+page.svelte,31,svelte,f6c61a87,Rodrigo Gallardo,2026-05-04,13:58:26,-04:00,2026-05-04T13:58:26-04:00,2,21
src\routes\resume\+page.svelte,32,svelte,f6c61a87,Rodrigo Gallardo,2026-05-04,13:58:26,-04:00,2026-05-04T13:58:26-04:00,2,120
src\routes\resume\+page.svelte,33,svelte,f6c61a87,Rodrigo Gallardo,2026-05-04,13:58:26,-04:00,2026-05-04T13:58:26-04:00,1,9
src\routes\resume\+page.svelte,34,svelte,f6c61a87,Rodrigo Gallardo,2026-05-04,13:58:26,-04:00,2026-05-04T13:58:26-04:00,0,0
src\routes\resume\+page.svelte,35,svelte,f6c61a87,Rodrigo Gallardo,2026-05-04,13:58:26,-04:00,2026-05-04T13:58:26-04:00,1,8
src\routes\resume\+page.svelte,36,svelte,f6c61a87,Rodrigo Gallardo,2026-05-04,13:58:26,-04:00,2026-05-04T13:58:26-04:00,2,57
src\routes\resume\+page.svelte,37,svelte,f6c61a87,Rodrigo Gallardo,2026-05-04,13:58:26,-04:00,2026-05-04T13:58:26-04:00,2,116
src\routes\resume\+page.svelte,38,svelte,f6c61a87,Rodrigo Gallardo,2026-05-04,13:58:26,-04:00,2026-05-04T13:58:26-04:00,1,9
src\routes\resume\+page.svelte,39,svelte,f6c61a87,Rodrigo Gallardo,2026-05-04,13:58:26,-04:00,2026-05-04T13:58:26-04:00,0,0
src\routes\resume\+page.svelte,40,svelte,f6c61a87,Rodrigo Gallardo,2026-05-04,13:58:26,-04:00,2026-05-04T13:58:26-04:00,1,8
src\routes\resume\+page.svelte,41,svelte,f6c61a87,Rodrigo Gallardo,2026-05-04,13:58:26,-04:00,2026-05-04T13:58:26-04:00,2,24
src\routes\resume\+page.svelte,42,svelte,f6c61a87,Rodrigo Gallardo,2026-05-04,13:58:26,-04:00,2026-05-04T13:58:26-04:00,2,92
src\routes\resume\+page.svelte,43,svelte,f6c61a87,Rodrigo Gallardo,2026-05-04,13:58:26,-04:00,2026-05-04T13:58:26-04:00,1,9
src\routes\resume\+page.svelte,44,svelte,f6c61a87,Rodrigo Gallardo,2026-05-04,13:58:26,-04:00,2026-05-04T13:58:26-04:00,0,0
src\routes\resume\+page.svelte,45,svelte,f6c61a87,Rodrigo Gallardo,2026-05-04,13:58:26,-04:00,2026-05-04T13:58:26-04:00,1,8
src\routes\resume\+page.svelte,46,svelte,f6c61a87,Rodrigo Gallardo,2026-05-04,13:58:26,-04:00,2026-05-04T13:58:26-04:00,2,57
src\routes\resume\+page.svelte,47,svelte,f6c61a87,Rodrigo Gallardo,2026-05-04,13:58:26,-04:00,2026-05-04T13:58:26-04:00,2,3
src\routes\resume\+page.svelte,48,svelte,f6c61a87,Rodrigo Gallardo,2026-05-04,13:58:26,-04:00,2026-05-04T13:58:26-04:00,3,89
src\routes\resume\+page.svelte,49,svelte,f6c61a87,Rodrigo Gallardo,2026-05-04,13:58:26,-04:00,2026-05-04T13:58:26-04:00,2,4
src\routes\resume\+page.svelte,50,svelte,f6c61a87,Rodrigo Gallardo,2026-05-04,13:58:26,-04:00,2026-05-04T13:58:26-04:00,1,9
src\routes\resume\+page.svelte,51,svelte,f6c61a87,Rodrigo Gallardo,2026-05-04,13:58:26,-04:00,2026-05-04T13:58:26-04:00,0,0
src\routes\resume\+page.svelte,52,svelte,f6c61a87,Rodrigo Gallardo,2026-05-04,13:58:26,-04:00,2026-05-04T13:58:26-04:00,1,8
src\routes\resume\+page.svelte,53,svelte,f6c61a87,Rodrigo Gallardo,2026-05-04,13:58:26,-04:00,2026-05-04T13:58:26-04:00,2,66
src\routes\resume\+page.svelte,54,svelte,f6c61a87,Rodrigo Gallardo,2026-05-04,13:58:26,-04:00,2026-05-04T13:58:26-04:00,2,3
src\routes\resume\+page.svelte,55,svelte,f6c61a87,Rodrigo Gallardo,2026-05-04,13:58:26,-04:00,2026-05-04T13:58:26-04:00,3,104
src\routes\resume\+page.svelte,56,svelte,f6c61a87,Rodrigo Gallardo,2026-05-04,13:58:26,-04:00,2026-05-04T13:58:26-04:00,2,4
src\routes\resume\+page.svelte,57,svelte,f6c61a87,Rodrigo Gallardo,2026-05-04,13:58:26,-04:00,2026-05-04T13:58:26-04:00,1,9
src\routes\resume\+page.svelte,58,svelte,f6c61a87,Rodrigo Gallardo,2026-05-04,13:58:26,-04:00,2026-05-04T13:58:26-04:00,0,0
src\routes\resume\+page.svelte,59,svelte,f6c61a87,Rodrigo Gallardo,2026-05-04,13:58:26,-04:00,2026-05-04T13:58:26-04:00,1,8
src\routes\resume\+page.svelte,60,svelte,f6c61a87,Rodrigo Gallardo,2026-05-04,13:58:26,-04:00,2026-05-04T13:58:26-04:00,2,18
src\routes\resume\+page.svelte,61,svelte,f6c61a87,Rodrigo Gallardo,2026-05-04,13:58:26,-04:00,2026-05-04T13:58:26-04:00,2,3
src\routes\resume\+page.svelte,62,svelte,f6c61a87,Rodrigo Gallardo,2026-05-04,13:58:26,-04:00,2026-05-04T13:58:26-04:00,3,63
src\routes\resume\+page.svelte,63,svelte,f6c61a87,Rodrigo Gallardo,2026-05-04,13:58:26,-04:00,2026-05-04T13:58:26-04:00,2,4
src\routes\resume\+page.svelte,64,svelte,f6c61a87,Rodrigo Gallardo,2026-05-04,13:58:26,-04:00,2026-05-04T13:58:26-04:00,1,9
src\routes\resume\+page.svelte,65,svelte,f6c61a87,Rodrigo Gallardo,2026-05-04,13:58:26,-04:00,2026-05-04T13:58:26-04:00,0,0
src\routes\resume\+page.svelte,66,svelte,f6c61a87,Rodrigo Gallardo,2026-05-04,13:58:26,-04:00,2026-05-04T13:58:26-04:00,1,8
src\routes\resume\+page.svelte,67,svelte,f6c61a87,Rodrigo Gallardo,2026-05-04,13:58:26,-04:00,2026-05-04T13:58:26-04:00,2,27
src\routes\resume\+page.svelte,68,svelte,f6c61a87,Rodrigo Gallardo,2026-05-04,13:58:26,-04:00,2026-05-04T13:58:26-04:00,2,127
src\routes\resume\+page.svelte,69,svelte,f6c61a87,Rodrigo Gallardo,2026-05-04,13:58:26,-04:00,2026-05-04T13:58:26-04:00,2,3
src\routes\resume\+page.svelte,70,svelte,f6c61a87,Rodrigo Gallardo,2026-05-04,13:58:26,-04:00,2026-05-04T13:58:26-04:00,3,71
src\routes\resume\+page.svelte,71,svelte,f6c61a87,Rodrigo Gallardo,2026-05-04,13:58:26,-04:00,2026-05-04T13:58:26-04:00,3,76
src\routes\resume\+page.svelte,72,svelte,f6c61a87,Rodrigo Gallardo,2026-05-04,13:58:26,-04:00,2026-05-04T13:58:26-04:00,2,4
src\routes\resume\+page.svelte,73,svelte,f6c61a87,Rodrigo Gallardo,2026-05-04,13:58:26,-04:00,2026-05-04T13:58:26-04:00,1,9
src\routes\resume\+page.svelte,74,svelte,f6c61a87,Rodrigo Gallardo,2026-05-04,13:58:26,-04:00,2026-05-04T13:58:26-04:00,0,0
src\routes\resume\+page.svelte,75,svelte,f6c61a87,Rodrigo Gallardo,2026-05-04,13:58:26,-04:00,2026-05-04T13:58:26-04:00,1,8
src\routes\resume\+page.svelte,76,svelte,f6c61a87,Rodrigo Gallardo,2026-05-04,13:58:26,-04:00,2026-05-04T13:58:26-04:00,2,30
src\routes\resume\+page.svelte,77,svelte,f6c61a87,Rodrigo Gallardo,2026-05-04,13:58:26,-04:00,2026-05-04T13:58:26-04:00,2,134
src\routes\resume\+page.svelte,78,svelte,f6c61a87,Rodrigo Gallardo,2026-05-04,13:58:26,-04:00,2026-05-04T13:58:26-04:00,2,3
src\routes\resume\+page.svelte,79,svelte,f6c61a87,Rodrigo Gallardo,2026-05-04,13:58:26,-04:00,2026-05-04T13:58:26-04:00,3,83
src\routes\resume\+page.svelte,80,svelte,f6c61a87,Rodrigo Gallardo,2026-05-04,13:58:26,-04:00,2026-05-04T13:58:26-04:00,2,4
src\routes\resume\+page.svelte,81,svelte,f6c61a87,Rodrigo Gallardo,2026-05-04,13:58:26,-04:00,2026-05-04T13:58:26-04:00,1,9
src\routes\resume\+page.svelte,82,svelte,f6c61a87,Rodrigo Gallardo,2026-05-04,13:58:26,-04:00,2026-05-04T13:58:26-04:00,0,0
src\routes\resume\+page.svelte,83,svelte,f6c61a87,Rodrigo Gallardo,2026-05-04,13:58:26,-04:00,2026-05-04T13:58:26-04:00,1,8
src\routes\resume\+page.svelte,84,svelte,f6c61a87,Rodrigo Gallardo,2026-05-04,13:58:26,-04:00,2026-05-04T13:58:26-04:00,2,16
src\routes\resume\+page.svelte,85,svelte,f6c61a87,Rodrigo Gallardo,2026-05-04,13:58:26,-04:00,2026-05-04T13:58:26-04:00,2,141
src\routes\resume\+page.svelte,86,svelte,f6c61a87,Rodrigo Gallardo,2026-05-04,13:58:26,-04:00,2026-05-04T13:58:26-04:00,2,3
src\routes\resume\+page.svelte,87,svelte,f6c61a87,Rodrigo Gallardo,2026-05-04,13:58:26,-04:00,2026-05-04T13:58:26-04:00,3,77
src\routes\resume\+page.svelte,88,svelte,f6c61a87,Rodrigo Gallardo,2026-05-04,13:58:26,-04:00,2026-05-04T13:58:26-04:00,2,4
src\routes\resume\+page.svelte,89,svelte,f6c61a87,Rodrigo Gallardo,2026-05-04,13:58:26,-04:00,2026-05-04T13:58:26-04:00,1,9
src\routes\resume\+page.svelte,90,svelte,f6c61a87,Rodrigo Gallardo,2026-05-04,13:58:26,-04:00,2026-05-04T13:58:26-04:00,0,0
src\routes\resume\+page.svelte,91,svelte,f6c61a87,Rodrigo Gallardo,2026-05-04,13:58:26,-04:00,2026-05-04T13:58:26-04:00,1,8
src\routes\resume\+page.svelte,92,svelte,f6c61a87,Rodrigo Gallardo,2026-05-04,13:58:26,-04:00,2026-05-04T13:58:26-04:00,2,34
src\routes\resume\+page.svelte,93,svelte,f6c61a87,Rodrigo Gallardo,2026-05-04,13:58:26,-04:00,2026-05-04T13:58:26-04:00,2,115
src\routes\resume\+page.svelte,94,svelte,f6c61a87,Rodrigo Gallardo,2026-05-04,13:58:26,-04:00,2026-05-04T13:58:26-04:00,2,3
src\routes\resume\+page.svelte,95,svelte,f6c61a87,Rodrigo Gallardo,2026-05-04,13:58:26,-04:00,2026-05-04T13:58:26-04:00,3,80
src\routes\resume\+page.svelte,96,svelte,f6c61a87,Rodrigo Gallardo,2026-05-04,13:58:26,-04:00,2026-05-04T13:58:26-04:00,2,4
src\routes\resume\+page.svelte,97,svelte,f6c61a87,Rodrigo Gallardo,2026-05-04,13:58:26,-04:00,2026-05-04T13:58:26-04:00,1,9
src\routes\resume\+page.svelte,98,svelte,f6c61a87,Rodrigo Gallardo,2026-05-04,13:58:26,-04:00,2026-05-04T13:58:26-04:00,0,9
src\routes\resume\+page.svelte,99,svelte,f6c61a87,Rodrigo Gallardo,2026-05-04,13:58:26,-04:00,2026-05-04T13:58:26-04:00,0,0
src\routes\resume\+page.svelte,100,svelte,f6c61a87,Rodrigo Gallardo,2026-05-04,13:58:26,-04:00,2026-05-04T13:58:26-04:00,0,23
src\routes\resume\+page.svelte,101,svelte,f6c61a87,Rodrigo Gallardo,2026-05-04,13:58:26,-04:00,2026-05-04T13:58:26-04:00,1,14
src\routes\resume\+page.svelte,102,svelte,f6c61a87,Rodrigo Gallardo,2026-05-04,13:58:26,-04:00,2026-05-04T13:58:26-04:00,1,3
src\routes\resume\+page.svelte,103,svelte,f6c61a87,Rodrigo Gallardo,2026-05-04,13:58:26,-04:00,2026-05-04T13:58:26-04:00,2,28
src\routes\resume\+page.svelte,104,svelte,f6c61a87,Rodrigo Gallardo,2026-05-04,13:58:26,-04:00,2026-05-04T13:58:26-04:00,2,39
src\routes\resume\+page.svelte,105,svelte,f6c61a87,Rodrigo Gallardo,2026-05-04,13:58:26,-04:00,2026-05-04T13:58:26-04:00,2,18
src\routes\resume\+page.svelte,106,svelte,f6c61a87,Rodrigo Gallardo,2026-05-04,13:58:26,-04:00,2026-05-04T13:58:26-04:00,2,58
src\routes\resume\+page.svelte,107,svelte,f6c61a87,Rodrigo Gallardo,2026-05-04,13:58:26,-04:00,2026-05-04T13:58:26-04:00,2,42
src\routes\resume\+page.svelte,108,svelte,f6c61a87,Rodrigo Gallardo,2026-05-04,13:58:26,-04:00,2026-05-04T13:58:26-04:00,2,43
src\routes\resume\+page.svelte,109,svelte,f6c61a87,Rodrigo Gallardo,2026-05-04,13:58:26,-04:00,2026-05-04T13:58:26-04:00,2,25
src\routes\resume\+page.svelte,110,svelte,f6c61a87,Rodrigo Gallardo,2026-05-04,13:58:26,-04:00,2026-05-04T13:58:26-04:00,1,4
src\routes\resume\+page.svelte,111,svelte,f6c61a87,Rodrigo Gallardo,2026-05-04,13:58:26,-04:00,2026-05-04T13:58:26-04:00,0,9
src\routes\resume\+page.svelte,112,svelte,f6c61a87,Rodrigo Gallardo,2026-05-04,13:58:26,-04:00,2026-05-04T13:58:26-04:00,0,0
src\routes\resume\+page.svelte,113,svelte,f6c61a87,Rodrigo Gallardo,2026-05-04,13:58:26,-04:00,2026-05-04T13:58:26-04:00,0,23
src\routes\resume\+page.svelte,114,svelte,f6c61a87,Rodrigo Gallardo,2026-05-04,13:58:26,-04:00,2026-05-04T13:58:26-04:00,1,32
src\routes\resume\+page.svelte,115,svelte,f6c61a87,Rodrigo Gallardo,2026-05-04,13:58:26,-04:00,2026-05-04T13:58:26-04:00,1,3
src\routes\resume\+page.svelte,116,svelte,f6c61a87,Rodrigo Gallardo,2026-05-04,13:58:26,-04:00,2026-05-04T13:58:26-04:00,2,102
src\routes\resume\+page.svelte,117,svelte,f6c61a87,Rodrigo Gallardo,2026-05-04,13:58:26,-04:00,2026-05-04T13:58:26-04:00,2,97
src\routes\resume\+page.svelte,118,svelte,f6c61a87,Rodrigo Gallardo,2026-05-04,13:58:26,-04:00,2026-05-04T13:58:26-04:00,2,99
src\routes\resume\+page.svelte,119,svelte,f6c61a87,Rodrigo Gallardo,2026-05-04,13:58:26,-04:00,2026-05-04T13:58:26-04:00,2,78
src\routes\resume\+page.svelte,120,svelte,f6c61a87,Rodrigo Gallardo,2026-05-04,13:58:26,-04:00,2026-05-04T13:58:26-04:00,1,4
src\routes\resume\+page.svelte,121,svelte,f6c61a87,Rodrigo Gallardo,2026-05-04,13:58:26,-04:00,2026-05-04T13:58:26-04:00,0,9
src\routes\resume\+page.svelte,122,svelte,f6c61a87,Rodrigo Gallardo,2026-05-04,13:58:26,-04:00,2026-05-04T13:58:26-04:00,0,0
src\routes\resume\+page.svelte,123,svelte,f6c61a87,Rodrigo Gallardo,2026-05-04,13:58:26,-04:00,2026-05-04T13:58:26-04:00,0,23
src\routes\resume\+page.svelte,124,svelte,f6c61a87,Rodrigo Gallardo,2026-05-04,13:58:26,-04:00,2026-05-04T13:58:26-04:00,1,34
src\routes\resume\+page.svelte,125,svelte,f6c61a87,Rodrigo Gallardo,2026-05-04,13:58:26,-04:00,2026-05-04T13:58:26-04:00,0,0
src\routes\resume\+page.svelte,126,svelte,f6c61a87,Rodrigo Gallardo,2026-05-04,13:58:26,-04:00,2026-05-04T13:58:26-04:00,1,8
src\routes\resume\+page.svelte,127,svelte,f6c61a87,Rodrigo Gallardo,2026-05-04,13:58:26,-04:00,2026-05-04T13:58:26-04:00,2,36
src\routes\resume\+page.svelte,128,svelte,f6c61a87,Rodrigo Gallardo,2026-05-04,13:58:26,-04:00,2026-05-04T13:58:26-04:00,2,39
src\routes\resume\+page.svelte,129,svelte,f6c61a87,Rodrigo Gallardo,2026-05-04,13:58:26,-04:00,2026-05-04T13:58:26-04:00,1,9
src\routes\resume\+page.svelte,130,svelte,f6c61a87,Rodrigo Gallardo,2026-05-04,13:58:26,-04:00,2026-05-04T13:58:26-04:00,0,0
src\routes\resume\+page.svelte,131,svelte,f6c61a87,Rodrigo Gallardo,2026-05-04,13:58:26,-04:00,2026-05-04T13:58:26-04:00,1,8
src\routes\resume\+page.svelte,132,svelte,f6c61a87,Rodrigo Gallardo,2026-05-04,13:58:26,-04:00,2026-05-04T13:58:26-04:00,2,37
src\routes\resume\+page.svelte,133,svelte,f6c61a87,Rodrigo Gallardo,2026-05-04,13:58:26,-04:00,2026-05-04T13:58:26-04:00,2,39
src\routes\resume\+page.svelte,134,svelte,f6c61a87,Rodrigo Gallardo,2026-05-04,13:58:26,-04:00,2026-05-04T13:58:26-04:00,1,9
src\routes\resume\+page.svelte,135,svelte,f6c61a87,Rodrigo Gallardo,2026-05-04,13:58:26,-04:00,2026-05-04T13:58:26-04:00,0,0
src\routes\resume\+page.svelte,136,svelte,f6c61a87,Rodrigo Gallardo,2026-05-04,13:58:26,-04:00,2026-05-04T13:58:26-04:00,1,8
src\routes\resume\+page.svelte,137,svelte,f6c61a87,Rodrigo Gallardo,2026-05-04,13:58:26,-04:00,2026-05-04T13:58:26-04:00,2,34
src\routes\resume\+page.svelte,138,svelte,f6c61a87,Rodrigo Gallardo,2026-05-04,13:58:26,-04:00,2026-05-04T13:58:26-04:00,2,39
src\routes\resume\+page.svelte,139,svelte,f6c61a87,Rodrigo Gallardo,2026-05-04,13:58:26,-04:00,2026-05-04T13:58:26-04:00,1,9
src\routes\resume\+page.svelte,140,svelte,f6c61a87,Rodrigo Gallardo,2026-05-04,13:58:26,-04:00,2026-05-04T13:58:26-04:00,0,0
src\routes\resume\+page.svelte,141,svelte,f6c61a87,Rodrigo Gallardo,2026-05-04,13:58:26,-04:00,2026-05-04T13:58:26-04:00,1,8
src\routes\resume\+page.svelte,142,svelte,f6c61a87,Rodrigo Gallardo,2026-05-04,13:58:26,-04:00,2026-05-04T13:58:26-04:00,2,17
src\routes\resume\+page.svelte,143,svelte,f6c61a87,Rodrigo Gallardo,2026-05-04,13:58:26,-04:00,2026-05-04T13:58:26-04:00,2,39
src\routes\resume\+page.svelte,144,svelte,f6c61a87,Rodrigo Gallardo,2026-05-04,13:58:26,-04:00,2026-05-04T13:58:26-04:00,1,9
src\routes\resume\+page.svelte,145,svelte,f6c61a87,Rodrigo Gallardo,2026-05-04,13:58:26,-04:00,2026-05-04T13:58:26-04:00,0,9
src\routes\resume\+page.svelte,146,svelte,f6c61a87,Rodrigo Gallardo,2026-05-04,13:58:26,-04:00,2026-05-04T13:58:26-04:00,0,0
src\routes\resume\+page.svelte,147,svelte,f6c61a87,Rodrigo Gallardo,2026-05-04,13:58:26,-04:00,2026-05-04T13:58:26-04:00,0,23
src\routes\resume\+page.svelte,148,svelte,f6c61a87,Rodrigo Gallardo,2026-05-04,13:58:26,-04:00,2026-05-04T13:58:26-04:00,1,16
src\routes\resume\+page.svelte,149,svelte,f6c61a87,Rodrigo Gallardo,2026-05-04,13:58:26,-04:00,2026-05-04T13:58:26-04:00,0,0
src\routes\resume\+page.svelte,150,svelte,f6c61a87,Rodrigo Gallardo,2026-05-04,13:58:26,-04:00,2026-05-04T13:58:26-04:00,1,8
src\routes\resume\+page.svelte,151,svelte,f6c61a87,Rodrigo Gallardo,2026-05-04,13:58:26,-04:00,2026-05-04T13:58:26-04:00,2,60
src\routes\resume\+page.svelte,152,svelte,f6c61a87,Rodrigo Gallardo,2026-05-04,13:58:26,-04:00,2026-05-04T13:58:26-04:00,2,39
src\routes\resume\+page.svelte,153,svelte,f6c61a87,Rodrigo Gallardo,2026-05-04,13:58:26,-04:00,2026-05-04T13:58:26-04:00,1,9
src\routes\resume\+page.svelte,154,svelte,f6c61a87,Rodrigo Gallardo,2026-05-04,13:58:26,-04:00,2026-05-04T13:58:26-04:00,0,0
src\routes\resume\+page.svelte,155,svelte,f6c61a87,Rodrigo Gallardo,2026-05-04,13:58:26,-04:00,2026-05-04T13:58:26-04:00,1,8
src\routes\resume\+page.svelte,156,svelte,f6c61a87,Rodrigo Gallardo,2026-05-04,13:58:26,-04:00,2026-05-04T13:58:26-04:00,2,55
src\routes\resume\+page.svelte,157,svelte,f6c61a87,Rodrigo Gallardo,2026-05-04,13:58:26,-04:00,2026-05-04T13:58:26-04:00,2,73
src\routes\resume\+page.svelte,158,svelte,f6c61a87,Rodrigo Gallardo,2026-05-04,13:58:26,-04:00,2026-05-04T13:58:26-04:00,1,9
src\routes\resume\+page.svelte,159,svelte,f6c61a87,Rodrigo Gallardo,2026-05-04,13:58:26,-04:00,2026-05-04T13:58:26-04:00,0,0
src\routes\resume\+page.svelte,160,svelte,f6c61a87,Rodrigo Gallardo,2026-05-04,13:58:26,-04:00,2026-05-04T13:58:26-04:00,1,8
src\routes\resume\+page.svelte,161,svelte,f6c61a87,Rodrigo Gallardo,2026-05-04,13:58:26,-04:00,2026-05-04T13:58:26-04:00,2,33
src\routes\resume\+page.svelte,162,svelte,f6c61a87,Rodrigo Gallardo,2026-05-04,13:58:26,-04:00,2026-05-04T13:58:26-04:00,2,39
src\routes\resume\+page.svelte,163,svelte,f6c61a87,Rodrigo Gallardo,2026-05-04,13:58:26,-04:00,2026-05-04T13:58:26-04:00,1,9
src\routes\resume\+page.svelte,164,svelte,f6c61a87,Rodrigo Gallardo,2026-05-04,13:58:26,-04:00,2026-05-04T13:58:26-04:00,0,9
src\routes\projects\+page.svelte,1,svelte,c6711f2f,Rodrigo Gallardo,2026-05-06,18:32:58,-04:00,2026-05-06T18:32:58-04:00,0,7
src\routes\projects\+page.svelte,2,js,c6711f2f,Rodrigo Gallardo,2026-05-06,18:32:58,-04:00,2026-05-06T18:32:58-04:00,1,33
src\routes\projects\+page.svelte,3,js,ecd173bd,Rodrigo Gallardo,2026-05-06,20:00:28,-04:00,2026-05-06T20:00:28-04:00,1,41
src\routes\projects\+page.svelte,4,js,ecd173bd,Rodrigo Gallardo,2026-05-06,20:00:28,-04:00,2026-05-06T20:00:28-04:00,1,41
src\routes\projects\+page.svelte,5,js,ecd173bd,Rodrigo Gallardo,2026-05-06,20:00:28,-04:00,2026-05-06T20:00:28-04:00,1,39
src\routes\projects\+page.svelte,6,js,ecd173bd,Rodrigo Gallardo,2026-05-06,20:00:28,-04:00,2026-05-06T20:00:28-04:00,1,49
src\routes\projects\+page.svelte,7,js,086bcf28,Rodrigo Gallardo,2026-05-06,20:29:50,-04:00,2026-05-06T20:29:50-04:00,1,59
src\routes\projects\+page.svelte,8,js,2a4b83c1,Rodrigo Gallardo,2026-05-06,23:42:38,-04:00,2026-05-06T23:42:38-04:00,1,24
src\routes\projects\+page.svelte,9,js,2a4b83c1,Rodrigo Gallardo,2026-05-06,23:42:38,-04:00,2026-05-06T23:42:38-04:00,1,33
src\routes\projects\+page.svelte,10,js,086bcf28,Rodrigo Gallardo,2026-05-06,20:29:50,-04:00,2026-05-06T20:29:50-04:00,0,0
src\routes\projects\+page.svelte,11,js,086bcf28,Rodrigo Gallardo,2026-05-06,20:29:50,-04:00,2026-05-06T20:29:50-04:00,1,43
src\routes\projects\+page.svelte,12,js,086bcf28,Rodrigo Gallardo,2026-05-06,20:29:50,-04:00,2026-05-06T20:29:50-04:00,1,51
src\routes\projects\+page.svelte,13,js,2a4b83c1,Rodrigo Gallardo,2026-05-06,23:42:38,-04:00,2026-05-06T23:42:38-04:00,1,125
src\routes\projects\+page.svelte,14,svelte,c6711f2f,Rodrigo Gallardo,2026-05-06,18:32:58,-04:00,2026-05-06T18:32:58-04:00,0,8
src\routes\projects\+page.svelte,15,svelte,c6711f2f,Rodrigo Gallardo,2026-05-06,18:32:58,-04:00,2026-05-06T18:32:58-04:00,0,0
src\routes\projects\+page.svelte,16,svelte,926dfe4,Rodrigo Gallardo,2026-05-04,13:45:44,-04:00,2026-05-04T13:45:44-04:00,0,12
src\routes\projects\+page.svelte,17,svelte,f6c61a87,Rodrigo Gallardo,2026-05-04,13:58:26,-04:00,2026-05-04T13:58:26-04:00,1,41
src\routes\projects\+page.svelte,18,svelte,926dfe4,Rodrigo Gallardo,2026-05-04,13:45:44,-04:00,2026-05-04T13:45:44-04:00,0,13
src\routes\projects\+page.svelte,19,svelte,f6c61a87,Rodrigo Gallardo,2026-05-04,13:58:26,-04:00,2026-05-04T13:58:26-04:00,0,0
src\routes\projects\+page.svelte,20,svelte,086bcf28,Rodrigo Gallardo,2026-05-06,20:29:50,-04:00,2026-05-06T20:29:50-04:00,0,53
src\routes\projects\+page.svelte,21,svelte,086bcf28,Rodrigo Gallardo,2026-05-06,20:29:50,-04:00,2026-05-06T20:29:50-04:00,0,0
src\routes\projects\+page.svelte,22,svelte,2a4b83c1,Rodrigo Gallardo,2026-05-06,23:42:38,-04:00,2026-05-06T23:42:38-04:00,0,21
src\routes\projects\+page.svelte,23,svelte,2a4b83c1,Rodrigo Gallardo,2026-05-06,23:42:38,-04:00,2026-05-06T23:42:38-04:00,0,0
src\routes\projects\+page.svelte,24,svelte,086bcf28,Rodrigo Gallardo,2026-05-06,20:29:50,-04:00,2026-05-06T20:29:50-04:00,0,113
src\routes\projects\+page.svelte,25,svelte,086bcf28,Rodrigo Gallardo,2026-05-06,20:29:50,-04:00,2026-05-06T20:29:50-04:00,0,19
src\routes\projects\+page.svelte,26,svelte,086bcf28,Rodrigo Gallardo,2026-05-06,20:29:50,-04:00,2026-05-06T20:29:50-04:00,0,69
src\routes\projects\+page.svelte,27,svelte,f6c61a87,Rodrigo Gallardo,2026-05-04,13:58:26,-04:00,2026-05-04T13:58:26-04:00,0,0
src\routes\projects\+page.svelte,28,svelte,f6c61a87,Rodrigo Gallardo,2026-05-04,13:58:26,-04:00,2026-05-04T13:58:26-04:00,0,21
src\routes\projects\+page.svelte,29,svelte,f6c61a87,Rodrigo Gallardo,2026-05-04,13:58:26,-04:00,2026-05-04T13:58:26-04:00,0,0
src\routes\projects\+page.svelte,30,svelte,f6c61a87,Rodrigo Gallardo,2026-05-04,13:58:26,-04:00,2026-05-04T13:58:26-04:00,1,8
src\routes\projects\+page.svelte,31,svelte,f6c61a87,Rodrigo Gallardo,2026-05-04,13:58:26,-04:00,2026-05-04T13:58:26-04:00,2,47
src\routes\projects\+page.svelte,32,svelte,84f7156b,Rodrigo Gallardo,2026-05-06,18:36:32,-04:00,2026-05-06T18:36:32-04:00,2,61
src\routes\projects\+page.svelte,33,svelte,f6c61a87,Rodrigo Gallardo,2026-05-04,13:58:26,-04:00,2026-05-04T13:58:26-04:00,3,81
src\routes\projects\+page.svelte,34,svelte,f6c61a87,Rodrigo Gallardo,2026-05-04,13:58:26,-04:00,2026-05-04T13:58:26-04:00,2,167
src\routes\projects\+page.svelte,35,svelte,a1841e6f,Rodrigo Gallardo,2026-05-06,19:33:26,-04:00,2026-05-06T19:33:26-04:00,2,54
src\routes\projects\+page.svelte,36,svelte,f6c61a87,Rodrigo Gallardo,2026-05-04,13:58:26,-04:00,2026-05-04T13:58:26-04:00,1,9
src\routes\projects\+page.svelte,37,svelte,f6c61a87,Rodrigo Gallardo,2026-05-04,13:58:26,-04:00,2026-05-04T13:58:26-04:00,0,0
src\routes\projects\+page.svelte,38,svelte,f6c61a87,Rodrigo Gallardo,2026-05-04,13:58:26,-04:00,2026-05-04T13:58:26-04:00,1,8
src\routes\projects\+page.svelte,39,svelte,f6c61a87,Rodrigo Gallardo,2026-05-04,13:58:26,-04:00,2026-05-04T13:58:26-04:00,2,49
src\routes\projects\+page.svelte,40,svelte,84f7156b,Rodrigo Gallardo,2026-05-06,18:36:32,-04:00,2026-05-06T18:36:32-04:00,2,40
src\routes\projects\+page.svelte,41,svelte,f6c61a87,Rodrigo Gallardo,2026-05-04,13:58:26,-04:00,2026-05-04T13:58:26-04:00,3,44
src\routes\projects\+page.svelte,42,svelte,f6c61a87,Rodrigo Gallardo,2026-05-04,13:58:26,-04:00,2026-05-04T13:58:26-04:00,2,137
src\routes\projects\+page.svelte,43,svelte,a1841e6f,Rodrigo Gallardo,2026-05-06,19:33:26,-04:00,2026-05-06T19:33:26-04:00,2,54
src\routes\projects\+page.svelte,44,svelte,f6c61a87,Rodrigo Gallardo,2026-05-04,13:58:26,-04:00,2026-05-04T13:58:26-04:00,1,9
src\routes\projects\+page.svelte,45,svelte,f6c61a87,Rodrigo Gallardo,2026-05-04,13:58:26,-04:00,2026-05-04T13:58:26-04:00,0,0
src\routes\projects\+page.svelte,46,svelte,f6c61a87,Rodrigo Gallardo,2026-05-04,13:58:26,-04:00,2026-05-04T13:58:26-04:00,1,8
src\routes\projects\+page.svelte,47,svelte,f6c61a87,Rodrigo Gallardo,2026-05-04,13:58:26,-04:00,2026-05-04T13:58:26-04:00,2,38
src\routes\projects\+page.svelte,48,svelte,84f7156b,Rodrigo Gallardo,2026-05-06,18:36:32,-04:00,2026-05-06T18:36:32-04:00,2,49
src\routes\projects\+page.svelte,49,svelte,f6c61a87,Rodrigo Gallardo,2026-05-04,13:58:26,-04:00,2026-05-04T13:58:26-04:00,3,47
src\routes\projects\+page.svelte,50,svelte,f6c61a87,Rodrigo Gallardo,2026-05-04,13:58:26,-04:00,2026-05-04T13:58:26-04:00,2,144
src\routes\projects\+page.svelte,51,svelte,a1841e6f,Rodrigo Gallardo,2026-05-06,19:33:26,-04:00,2026-05-06T19:33:26-04:00,2,54
src\routes\projects\+page.svelte,52,svelte,f6c61a87,Rodrigo Gallardo,2026-05-04,13:58:26,-04:00,2026-05-04T13:58:26-04:00,1,9
src\routes\projects\+page.svelte,53,svelte,f6c61a87,Rodrigo Gallardo,2026-05-04,13:58:26,-04:00,2026-05-04T13:58:26-04:00,0,0
src\routes\projects\+page.svelte,54,svelte,f6c61a87,Rodrigo Gallardo,2026-05-04,13:58:26,-04:00,2026-05-04T13:58:26-04:00,0,5
src\routes\projects\+page.svelte,55,svelte,086bcf28,Rodrigo Gallardo,2026-05-06,20:29:50,-04:00,2026-05-06T20:29:50-04:00,0,0
src\routes\projects\+page.svelte,56,svelte,086bcf28,Rodrigo Gallardo,2026-05-06,20:29:50,-04:00,2026-05-06T20:29:50-04:00,0,6
src\routes\projects\+page.svelte,57,css,086bcf28,Rodrigo Gallardo,2026-05-06,20:29:50,-04:00,2026-05-06T20:29:50-04:00,0,30
src\routes\projects\+page.svelte,58,svelte,086bcf28,Rodrigo Gallardo,2026-05-06,20:29:50,-04:00,2026-05-06T20:29:50-04:00,0,7
src\routes\meta\+page.svelte,1,svelte,2a4b83c1,Rodrigo Gallardo,2026-05-06,23:42:38,-04:00,2026-05-06T23:42:38-04:00,0,7
src\routes\meta\+page.svelte,2,js,2a4b83c1,Rodrigo Gallardo,2026-05-06,23:42:38,-04:00,2026-05-06T23:42:38-04:00,0,33
src\routes\meta\+page.svelte,3,js,2a4b83c1,Rodrigo Gallardo,2026-05-06,23:42:38,-04:00,2026-05-06T23:42:38-04:00,0,32
src\routes\meta\+page.svelte,4,js,2a4b83c1,Rodrigo Gallardo,2026-05-06,23:42:38,-04:00,2026-05-06T23:42:38-04:00,0,24
src\routes\meta\+page.svelte,5,js,2a4b83c1,Rodrigo Gallardo,2026-05-06,23:42:38,-04:00,2026-05-06T23:42:38-04:00,0,53
src\routes\meta\+page.svelte,6,js,76c26561,Rodrigo Gallardo,2026-05-08,13:26:02,-04:00,2026-05-08T13:26:02-04:00,0,73
src\routes\meta\+page.svelte,7,js,76c26561,Rodrigo Gallardo,2026-05-08,13:26:02,-04:00,2026-05-08T13:26:02-04:00,0,0
src\routes\meta\+page.svelte,8,js,76c26561,Rodrigo Gallardo,2026-05-08,13:26:02,-04:00,2026-05-08T13:26:02-04:00,0,16
src\routes\meta\+page.svelte,9,js,2a4b83c1,Rodrigo Gallardo,2026-05-06,23:42:38,-04:00,2026-05-06T23:42:38-04:00,0,16
src\routes\meta\+page.svelte,10,js,76c26561,Rodrigo Gallardo,2026-05-08,13:26:02,-04:00,2026-05-08T13:26:02-04:00,0,16
src\routes\meta\+page.svelte,11,js,76c26561,Rodrigo Gallardo,2026-05-08,13:26:02,-04:00,2026-05-08T13:26:02-04:00,0,21
src\routes\meta\+page.svelte,12,js,76c26561,Rodrigo Gallardo,2026-05-08,13:26:02,-04:00,2026-05-08T13:26:02-04:00,0,22
src\routes\meta\+page.svelte,13,js,76c26561,Rodrigo Gallardo,2026-05-08,13:26:02,-04:00,2026-05-08T13:26:02-04:00,0,23
src\routes\meta\+page.svelte,14,js,76c26561,Rodrigo Gallardo,2026-05-08,13:26:02,-04:00,2026-05-08T13:26:02-04:00,0,34
src\routes\meta\+page.svelte,15,js,76c26561,Rodrigo Gallardo,2026-05-08,13:26:02,-04:00,2026-05-08T13:26:02-04:00,0,17
src\routes\meta\+page.svelte,16,js,76c26561,Rodrigo Gallardo,2026-05-08,13:26:02,-04:00,2026-05-08T13:26:02-04:00,0,30
src\routes\meta\+page.svelte,17,js,76c26561,Rodrigo Gallardo,2026-05-08,13:26:02,-04:00,2026-05-08T13:26:02-04:00,0,57
src\routes\meta\+page.svelte,18,js,76c26561,Rodrigo Gallardo,2026-05-08,13:26:02,-04:00,2026-05-08T13:26:02-04:00,0,17
src\routes\meta\+page.svelte,19,js,76c26561,Rodrigo Gallardo,2026-05-08,13:26:02,-04:00,2026-05-08T13:26:02-04:00,0,15
src\routes\meta\+page.svelte,20,js,76c26561,Rodrigo Gallardo,2026-05-08,13:26:02,-04:00,2026-05-08T13:26:02-04:00,0,27
src\routes\meta\+page.svelte,21,js,76c26561,Rodrigo Gallardo,2026-05-08,13:26:02,-04:00,2026-05-08T13:26:02-04:00,0,30
src\routes\meta\+page.svelte,22,js,76c26561,Rodrigo Gallardo,2026-05-08,13:26:02,-04:00,2026-05-08T13:26:02-04:00,0,16
src\routes\meta\+page.svelte,23,js,76c26561,Rodrigo Gallardo,2026-05-08,13:26:02,-04:00,2026-05-08T13:26:02-04:00,0,1
src\routes\meta\+page.svelte,24,js,76c26561,Rodrigo Gallardo,2026-05-08,13:26:02,-04:00,2026-05-08T13:26:02-04:00,0,53
src\routes\meta\+page.svelte,25,js,76c26561,Rodrigo Gallardo,2026-05-08,13:26:02,-04:00,2026-05-08T13:26:02-04:00,0,54
src\routes\meta\+page.svelte,26,js,76c26561,Rodrigo Gallardo,2026-05-08,13:26:02,-04:00,2026-05-08T13:26:02-04:00,0,32
src\routes\meta\+page.svelte,27,js,76c26561,Rodrigo Gallardo,2026-05-08,13:26:02,-04:00,2026-05-08T13:26:02-04:00,0,0
src\routes\meta\+page.svelte,28,js,76c26561,Rodrigo Gallardo,2026-05-08,13:26:02,-04:00,2026-05-08T13:26:02-04:00,0,46
src\routes\meta\+page.svelte,29,js,76c26561,Rodrigo Gallardo,2026-05-08,13:26:02,-04:00,2026-05-08T13:26:02-04:00,0,99
src\routes\meta\+page.svelte,30,js,76c26561,Rodrigo Gallardo,2026-05-08,13:26:02,-04:00,2026-05-08T13:26:02-04:00,0,112
src\routes\meta\+page.svelte,31,js,76c26561,Rodrigo Gallardo,2026-05-08,13:26:02,-04:00,2026-05-08T13:26:02-04:00,0,124
src\routes\meta\+page.svelte,32,js,76c26561,Rodrigo Gallardo,2026-05-08,13:26:02,-04:00,2026-05-08T13:26:02-04:00,0,87
src\routes\meta\+page.svelte,33,js,76c26561,Rodrigo Gallardo,2026-05-08,13:26:02,-04:00,2026-05-08T13:26:02-04:00,0,87
src\routes\meta\+page.svelte,34,js,76c26561,Rodrigo Gallardo,2026-05-08,13:26:02,-04:00,2026-05-08T13:26:02-04:00,0,3
src\routes\meta\+page.svelte,35,js,76c26561,Rodrigo Gallardo,2026-05-08,13:26:02,-04:00,2026-05-08T13:26:02-04:00,0,44
src\routes\meta\+page.svelte,36,js,76c26561,Rodrigo Gallardo,2026-05-08,13:26:02,-04:00,2026-05-08T13:26:02-04:00,0,99
src\routes\meta\+page.svelte,37,js,76c26561,Rodrigo Gallardo,2026-05-08,13:26:02,-04:00,2026-05-08T13:26:02-04:00,0,94
src\routes\meta\+page.svelte,38,js,76c26561,Rodrigo Gallardo,2026-05-08,13:26:02,-04:00,2026-05-08T13:26:02-04:00,0,0
src\routes\meta\+page.svelte,39,js,76c26561,Rodrigo Gallardo,2026-05-08,13:26:02,-04:00,2026-05-08T13:26:02-04:00,0,95
src\routes\meta\+page.svelte,40,js,76c26561,Rodrigo Gallardo,2026-05-08,13:26:02,-04:00,2026-05-08T13:26:02-04:00,0,72
src\routes\meta\+page.svelte,41,js,76c26561,Rodrigo Gallardo,2026-05-08,13:26:02,-04:00,2026-05-08T13:26:02-04:00,0,59
src\routes\meta\+page.svelte,42,js,76c26561,Rodrigo Gallardo,2026-05-08,13:26:02,-04:00,2026-05-08T13:26:02-04:00,0,98
src\routes\meta\+page.svelte,43,js,76c26561,Rodrigo Gallardo,2026-05-08,13:26:02,-04:00,2026-05-08T13:26:02-04:00,0,188
src\routes\meta\+page.svelte,44,js,76c26561,Rodrigo Gallardo,2026-05-08,13:26:02,-04:00,2026-05-08T13:26:02-04:00,0,0
src\routes\meta\+page.svelte,45,js,2a4b83c1,Rodrigo Gallardo,2026-05-06,23:42:38,-04:00,2026-05-06T23:42:38-04:00,0,20
src\routes\meta\+page.svelte,46,js,76c26561,Rodrigo Gallardo,2026-05-08,13:26:02,-04:00,2026-05-08T13:26:02-04:00,0,50
src\routes\meta\+page.svelte,47,js,2a4b83c1,Rodrigo Gallardo,2026-05-06,23:42:38,-04:00,2026-05-06T23:42:38-04:00,0,6
src\routes\meta\+page.svelte,48,js,2a4b83c1,Rodrigo Gallardo,2026-05-06,23:42:38,-04:00,2026-05-06T23:42:38-04:00,0,22
src\routes\meta\+page.svelte,49,js,76c26561,Rodrigo Gallardo,2026-05-08,13:26:02,-04:00,2026-05-08T13:26:02-04:00,0,24
src\routes\meta\+page.svelte,50,js,2a4b83c1,Rodrigo Gallardo,2026-05-06,23:42:38,-04:00,2026-05-06T23:42:38-04:00,0,26
src\routes\meta\+page.svelte,51,js,76c26561,Rodrigo Gallardo,2026-05-08,13:26:02,-04:00,2026-05-08T13:26:02-04:00,0,50
src\routes\meta\+page.svelte,52,js,76c26561,Rodrigo Gallardo,2026-05-08,13:26:02,-04:00,2026-05-08T13:26:02-04:00,0,31
src\routes\meta\+page.svelte,53,js,2a4b83c1,Rodrigo Gallardo,2026-05-06,23:42:38,-04:00,2026-05-06T23:42:38-04:00,0,3
src\routes\meta\+page.svelte,54,js,76c26561,Rodrigo Gallardo,2026-05-08,13:26:02,-04:00,2026-05-08T13:26:02-04:00,0,0
src\routes\meta\+page.svelte,55,js,76c26561,Rodrigo Gallardo,2026-05-08,13:26:02,-04:00,2026-05-08T13:26:02-04:00,0,69
src\routes\meta\+page.svelte,56,js,76c26561,Rodrigo Gallardo,2026-05-08,13:26:02,-04:00,2026-05-08T13:26:02-04:00,0,20
src\routes\meta\+page.svelte,57,js,76c26561,Rodrigo Gallardo,2026-05-08,13:26:02,-04:00,2026-05-08T13:26:02-04:00,0,52
src\routes\meta\+page.svelte,58,js,76c26561,Rodrigo Gallardo,2026-05-08,13:26:02,-04:00,2026-05-08T13:26:02-04:00,0,7
src\routes\meta\+page.svelte,59,js,76c26561,Rodrigo Gallardo,2026-05-08,13:26:02,-04:00,2026-05-08T13:26:02-04:00,0,10
src\routes\meta\+page.svelte,60,js,76c26561,Rodrigo Gallardo,2026-05-08,13:26:02,-04:00,2026-05-08T13:26:02-04:00,0,79
src\routes\meta\+page.svelte,61,js,76c26561,Rodrigo Gallardo,2026-05-08,13:26:02,-04:00,2026-05-08T13:26:02-04:00,0,38
src\routes\meta\+page.svelte,62,js,76c26561,Rodrigo Gallardo,2026-05-08,13:26:02,-04:00,2026-05-08T13:26:02-04:00,0,58
src\routes\meta\+page.svelte,63,js,76c26561,Rodrigo Gallardo,2026-05-08,13:26:02,-04:00,2026-05-08T13:26:02-04:00,0,24
src\routes\meta\+page.svelte,64,js,76c26561,Rodrigo Gallardo,2026-05-08,13:26:02,-04:00,2026-05-08T13:26:02-04:00,0,11
src\routes\meta\+page.svelte,65,js,76c26561,Rodrigo Gallardo,2026-05-08,13:26:02,-04:00,2026-05-08T13:26:02-04:00,0,1
src\routes\meta\+page.svelte,66,js,76c26561,Rodrigo Gallardo,2026-05-08,13:26:02,-04:00,2026-05-08T13:26:02-04:00,0,2
src\routes\meta\+page.svelte,67,js,76c26561,Rodrigo Gallardo,2026-05-08,13:26:02,-04:00,2026-05-08T13:26:02-04:00,0,0
src\routes\meta\+page.svelte,68,js,76c26561,Rodrigo Gallardo,2026-05-08,13:26:02,-04:00,2026-05-08T13:26:02-04:00,0,46
src\routes\meta\+page.svelte,69,js,76c26561,Rodrigo Gallardo,2026-05-08,13:26:02,-04:00,2026-05-08T13:26:02-04:00,0,0
src\routes\meta\+page.svelte,70,js,76c26561,Rodrigo Gallardo,2026-05-08,13:26:02,-04:00,2026-05-08T13:26:02-04:00,0,95
src\routes\meta\+page.svelte,71,js,2a4b83c1,Rodrigo Gallardo,2026-05-06,23:42:38,-04:00,2026-05-06T23:42:38-04:00,0,2
src\routes\meta\+page.svelte,72,js,76c26561,Rodrigo Gallardo,2026-05-08,13:26:02,-04:00,2026-05-08T13:26:02-04:00,0,0
src\routes\meta\+page.svelte,73,js,76c26561,Rodrigo Gallardo,2026-05-08,13:26:02,-04:00,2026-05-08T13:26:02-04:00,0,42
src\routes\meta\+page.svelte,74,js,76c26561,Rodrigo Gallardo,2026-05-08,13:26:02,-04:00,2026-05-08T13:26:02-04:00,0,27
src\routes\meta\+page.svelte,75,js,76c26561,Rodrigo Gallardo,2026-05-08,13:26:02,-04:00,2026-05-08T13:26:02-04:00,0,31
src\routes\meta\+page.svelte,76,js,76c26561,Rodrigo Gallardo,2026-05-08,13:26:02,-04:00,2026-05-08T13:26:02-04:00,0,20
src\routes\meta\+page.svelte,77,js,76c26561,Rodrigo Gallardo,2026-05-08,13:26:02,-04:00,2026-05-08T13:26:02-04:00,0,67
src\routes\meta\+page.svelte,78,js,76c26561,Rodrigo Gallardo,2026-05-08,13:26:02,-04:00,2026-05-08T13:26:02-04:00,0,17
src\routes\meta\+page.svelte,79,js,76c26561,Rodrigo Gallardo,2026-05-08,13:26:02,-04:00,2026-05-08T13:26:02-04:00,0,40
src\routes\meta\+page.svelte,80,js,76c26561,Rodrigo Gallardo,2026-05-08,13:26:02,-04:00,2026-05-08T13:26:02-04:00,0,2
src\routes\meta\+page.svelte,81,js,76c26561,Rodrigo Gallardo,2026-05-08,13:26:02,-04:00,2026-05-08T13:26:02-04:00,0,38
src\routes\meta\+page.svelte,82,js,76c26561,Rodrigo Gallardo,2026-05-08,13:26:02,-04:00,2026-05-08T13:26:02-04:00,0,17
src\routes\meta\+page.svelte,83,js,76c26561,Rodrigo Gallardo,2026-05-08,13:26:02,-04:00,2026-05-08T13:26:02-04:00,0,33
src\routes\meta\+page.svelte,84,js,76c26561,Rodrigo Gallardo,2026-05-08,13:26:02,-04:00,2026-05-08T13:26:02-04:00,0,27
src\routes\meta\+page.svelte,85,js,76c26561,Rodrigo Gallardo,2026-05-08,13:26:02,-04:00,2026-05-08T13:26:02-04:00,0,38
src\routes\meta\+page.svelte,86,js,76c26561,Rodrigo Gallardo,2026-05-08,13:26:02,-04:00,2026-05-08T13:26:02-04:00,0,44
src\routes\meta\+page.svelte,87,js,76c26561,Rodrigo Gallardo,2026-05-08,13:26:02,-04:00,2026-05-08T13:26:02-04:00,0,7
src\routes\meta\+page.svelte,88,js,76c26561,Rodrigo Gallardo,2026-05-08,13:26:02,-04:00,2026-05-08T13:26:02-04:00,0,57
src\routes\meta\+page.svelte,89,js,76c26561,Rodrigo Gallardo,2026-05-08,13:26:02,-04:00,2026-05-08T13:26:02-04:00,0,0
src\routes\meta\+page.svelte,90,js,76c26561,Rodrigo Gallardo,2026-05-08,13:26:02,-04:00,2026-05-08T13:26:02-04:00,0,0
src\routes\meta\+page.svelte,91,js,76c26561,Rodrigo Gallardo,2026-05-08,13:26:02,-04:00,2026-05-08T13:26:02-04:00,0,0
src\routes\meta\+page.svelte,92,svelte,2a4b83c1,Rodrigo Gallardo,2026-05-06,23:42:38,-04:00,2026-05-06T23:42:38-04:00,0,8
src\routes\meta\+page.svelte,93,svelte,2a4b83c1,Rodrigo Gallardo,2026-05-06,23:42:38,-04:00,2026-05-06T23:42:38-04:00,0,64
src\routes\meta\+page.svelte,94,svelte,76c26561,Rodrigo Gallardo,2026-05-08,13:26:02,-04:00,2026-05-08T13:26:02-04:00,0,0
src\routes\meta\+page.svelte,95,svelte,2a4b83c1,Rodrigo Gallardo,2026-05-06,23:42:38,-04:00,2026-05-06T23:42:38-04:00,0,12
src\routes\meta\+page.svelte,96,svelte,2a4b83c1,Rodrigo Gallardo,2026-05-06,23:42:38,-04:00,2026-05-06T23:42:38-04:00,0,70
src\routes\meta\+page.svelte,97,svelte,76c26561,Rodrigo Gallardo,2026-05-08,13:26:02,-04:00,2026-05-08T13:26:02-04:00,0,0
src\routes\meta\+page.svelte,98,svelte,76c26561,Rodrigo Gallardo,2026-05-08,13:26:02,-04:00,2026-05-08T13:26:02-04:00,0,17
src\routes\meta\+page.svelte,99,svelte,76c26561,Rodrigo Gallardo,2026-05-08,13:26:02,-04:00,2026-05-08T13:26:02-04:00,0,52
src\routes\meta\+page.svelte,100,svelte,76c26561,Rodrigo Gallardo,2026-05-08,13:26:02,-04:00,2026-05-08T13:26:02-04:00,0,24
src\routes\meta\+page.svelte,101,svelte,76c26561,Rodrigo Gallardo,2026-05-08,13:26:02,-04:00,2026-05-08T13:26:02-04:00,0,21
src\routes\meta\+page.svelte,102,svelte,76c26561,Rodrigo Gallardo,2026-05-08,13:26:02,-04:00,2026-05-08T13:26:02-04:00,0,24
src\routes\meta\+page.svelte,103,svelte,76c26561,Rodrigo Gallardo,2026-05-08,13:26:02,-04:00,2026-05-08T13:26:02-04:00,0,13
src\routes\meta\+page.svelte,104,svelte,76c26561,Rodrigo Gallardo,2026-05-08,13:26:02,-04:00,2026-05-08T13:26:02-04:00,0,62
src\routes\meta\+page.svelte,105,svelte,76c26561,Rodrigo Gallardo,2026-05-08,13:26:02,-04:00,2026-05-08T13:26:02-04:00,0,4
src\routes\meta\+page.svelte,106,svelte,76c26561,Rodrigo Gallardo,2026-05-08,13:26:02,-04:00,2026-05-08T13:26:02-04:00,0,0
src\routes\meta\+page.svelte,107,svelte,76c26561,Rodrigo Gallardo,2026-05-08,13:26:02,-04:00,2026-05-08T13:26:02-04:00,0,30
src\routes\meta\+page.svelte,108,svelte,76c26561,Rodrigo Gallardo,2026-05-08,13:26:02,-04:00,2026-05-08T13:26:02-04:00,0,0
src\routes\meta\+page.svelte,109,svelte,76c26561,Rodrigo Gallardo,2026-05-08,13:26:02,-04:00,2026-05-08T13:26:02-04:00,0,35
src\routes\meta\+page.svelte,110,svelte,76c26561,Rodrigo Gallardo,2026-05-08,13:26:02,-04:00,2026-05-08T13:26:02-04:00,0,93
src\routes\meta\+page.svelte,111,svelte,76c26561,Rodrigo Gallardo,2026-05-08,13:26:02,-04:00,2026-05-08T13:26:02-04:00,0,68
src\routes\meta\+page.svelte,112,svelte,76c26561,Rodrigo Gallardo,2026-05-08,13:26:02,-04:00,2026-05-08T13:26:02-04:00,0,66
src\routes\meta\+page.svelte,113,svelte,76c26561,Rodrigo Gallardo,2026-05-08,13:26:02,-04:00,2026-05-08T13:26:02-04:00,0,15
src\routes\meta\+page.svelte,114,svelte,76c26561,Rodrigo Gallardo,2026-05-08,13:26:02,-04:00,2026-05-08T13:26:02-04:00,0,31
src\routes\meta\+page.svelte,115,svelte,76c26561,Rodrigo Gallardo,2026-05-08,13:26:02,-04:00,2026-05-08T13:26:02-04:00,0,6
src\routes\meta\+page.svelte,116,svelte,76c26561,Rodrigo Gallardo,2026-05-08,13:26:02,-04:00,2026-05-08T13:26:02-04:00,0,27
src\routes\meta\+page.svelte,117,svelte,76c26561,Rodrigo Gallardo,2026-05-08,13:26:02,-04:00,2026-05-08T13:26:02-04:00,0,27
src\routes\meta\+page.svelte,118,svelte,76c26561,Rodrigo Gallardo,2026-05-08,13:26:02,-04:00,2026-05-08T13:26:02-04:00,0,28
src\routes\meta\+page.svelte,119,svelte,76c26561,Rodrigo Gallardo,2026-05-08,13:26:02,-04:00,2026-05-08T13:26:02-04:00,0,15
src\routes\meta\+page.svelte,120,svelte,76c26561,Rodrigo Gallardo,2026-05-08,13:26:02,-04:00,2026-05-08T13:26:02-04:00,0,17
src\routes\meta\+page.svelte,121,svelte,76c26561,Rodrigo Gallardo,2026-05-08,13:26:02,-04:00,2026-05-08T13:26:02-04:00,0,12
src\routes\meta\+page.svelte,122,svelte,76c26561,Rodrigo Gallardo,2026-05-08,13:26:02,-04:00,2026-05-08T13:26:02-04:00,0,11
src\routes\meta\+page.svelte,123,svelte,76c26561,Rodrigo Gallardo,2026-05-08,13:26:02,-04:00,2026-05-08T13:26:02-04:00,0,73
src\routes\meta\+page.svelte,124,svelte,76c26561,Rodrigo Gallardo,2026-05-08,13:26:02,-04:00,2026-05-08T13:26:02-04:00,0,47
src\routes\meta\+page.svelte,125,svelte,76c26561,Rodrigo Gallardo,2026-05-08,13:26:02,-04:00,2026-05-08T13:26:02-04:00,0,48
src\routes\meta\+page.svelte,126,svelte,76c26561,Rodrigo Gallardo,2026-05-08,13:26:02,-04:00,2026-05-08T13:26:02-04:00,0,48
src\routes\meta\+page.svelte,127,svelte,76c26561,Rodrigo Gallardo,2026-05-08,13:26:02,-04:00,2026-05-08T13:26:02-04:00,0,43
src\routes\meta\+page.svelte,128,svelte,76c26561,Rodrigo Gallardo,2026-05-08,13:26:02,-04:00,2026-05-08T13:26:02-04:00,0,68
src\routes\meta\+page.svelte,129,svelte,76c26561,Rodrigo Gallardo,2026-05-08,13:26:02,-04:00,2026-05-08T13:26:02-04:00,0,1
src\routes\meta\+page.svelte,130,svelte,76c26561,Rodrigo Gallardo,2026-05-08,13:26:02,-04:00,2026-05-08T13:26:02-04:00,0,6
src\routes\meta\+page.svelte,131,svelte,76c26561,Rodrigo Gallardo,2026-05-08,13:26:02,-04:00,2026-05-08T13:26:02-04:00,0,3
src\routes\meta\+page.svelte,132,svelte,76c26561,Rodrigo Gallardo,2026-05-08,13:26:02,-04:00,2026-05-08T13:26:02-04:00,0,5
src\routes\meta\+page.svelte,133,svelte,76c26561,Rodrigo Gallardo,2026-05-08,13:26:02,-04:00,2026-05-08T13:26:02-04:00,0,0
src\routes\meta\+page.svelte,134,svelte,76c26561,Rodrigo Gallardo,2026-05-08,13:26:02,-04:00,2026-05-08T13:26:02-04:00,0,52
src\routes\meta\+page.svelte,135,svelte,76c26561,Rodrigo Gallardo,2026-05-08,13:26:02,-04:00,2026-05-08T13:26:02-04:00,0,24
src\routes\meta\+page.svelte,136,svelte,76c26561,Rodrigo Gallardo,2026-05-08,13:26:02,-04:00,2026-05-08T13:26:02-04:00,0,63
src\routes\meta\+page.svelte,137,svelte,76c26561,Rodrigo Gallardo,2026-05-08,13:26:02,-04:00,2026-05-08T13:26:02-04:00,0,14
src\routes\meta\+page.svelte,138,svelte,76c26561,Rodrigo Gallardo,2026-05-08,13:26:02,-04:00,2026-05-08T13:26:02-04:00,0,74
src\routes\meta\+page.svelte,139,svelte,76c26561,Rodrigo Gallardo,2026-05-08,13:26:02,-04:00,2026-05-08T13:26:02-04:00,0,12
src\routes\meta\+page.svelte,140,svelte,76c26561,Rodrigo Gallardo,2026-05-08,13:26:02,-04:00,2026-05-08T13:26:02-04:00,0,75
src\routes\meta\+page.svelte,141,svelte,76c26561,Rodrigo Gallardo,2026-05-08,13:26:02,-04:00,2026-05-08T13:26:02-04:00,0,12
src\routes\meta\+page.svelte,142,svelte,76c26561,Rodrigo Gallardo,2026-05-08,13:26:02,-04:00,2026-05-08T13:26:02-04:00,0,76
src\routes\meta\+page.svelte,143,svelte,76c26561,Rodrigo Gallardo,2026-05-08,13:26:02,-04:00,2026-05-08T13:26:02-04:00,0,14
src\routes\meta\+page.svelte,144,svelte,76c26561,Rodrigo Gallardo,2026-05-08,13:26:02,-04:00,2026-05-08T13:26:02-04:00,0,30
src\routes\meta\+page.svelte,145,svelte,76c26561,Rodrigo Gallardo,2026-05-08,13:26:02,-04:00,2026-05-08T13:26:02-04:00,0,20
src\routes\meta\+page.svelte,146,svelte,76c26561,Rodrigo Gallardo,2026-05-08,13:26:02,-04:00,2026-05-08T13:26:02-04:00,0,34
src\routes\meta\+page.svelte,147,svelte,76c26561,Rodrigo Gallardo,2026-05-08,13:26:02,-04:00,2026-05-08T13:26:02-04:00,0,4
src\routes\meta\+page.svelte,148,svelte,76c26561,Rodrigo Gallardo,2026-05-08,13:26:02,-04:00,2026-05-08T13:26:02-04:00,0,0
src\routes\meta\+page.svelte,149,svelte,76c26561,Rodrigo Gallardo,2026-05-08,13:26:02,-04:00,2026-05-08T13:26:02-04:00,0,26
src\routes\meta\+page.svelte,150,svelte,76c26561,Rodrigo Gallardo,2026-05-08,13:26:02,-04:00,2026-05-08T13:26:02-04:00,0,48
src\routes\meta\+page.svelte,151,svelte,76c26561,Rodrigo Gallardo,2026-05-08,13:26:02,-04:00,2026-05-08T13:26:02-04:00,0,0
src\routes\meta\+page.svelte,152,svelte,76c26561,Rodrigo Gallardo,2026-05-08,13:26:02,-04:00,2026-05-08T13:26:02-04:00,0,6
src\routes\meta\+page.svelte,153,css,76c26561,Rodrigo Gallardo,2026-05-08,13:26:02,-04:00,2026-05-08T13:26:02-04:00,0,25
src\routes\meta\+page.svelte,154,css,76c26561,Rodrigo Gallardo,2026-05-08,13:26:02,-04:00,2026-05-08T13:26:02-04:00,0,34
src\routes\meta\+page.svelte,155,css,76c26561,Rodrigo Gallardo,2026-05-08,13:26:02,-04:00,2026-05-08T13:26:02-04:00,0,7
src\routes\meta\+page.svelte,156,css,76c26561,Rodrigo Gallardo,2026-05-08,13:26:02,-04:00,2026-05-08T13:26:02-04:00,0,17
src\routes\meta\+page.svelte,157,css,76c26561,Rodrigo Gallardo,2026-05-08,13:26:02,-04:00,2026-05-08T13:26:02-04:00,0,27
src\routes\meta\+page.svelte,158,css,76c26561,Rodrigo Gallardo,2026-05-08,13:26:02,-04:00,2026-05-08T13:26:02-04:00,0,0
src\routes\meta\+page.svelte,159,css,76c26561,Rodrigo Gallardo,2026-05-08,13:26:02,-04:00,2026-05-08T13:26:02-04:00,0,44
src\routes\meta\+page.svelte,160,css,76c26561,Rodrigo Gallardo,2026-05-08,13:26:02,-04:00,2026-05-08T13:26:02-04:00,0,9
src\routes\meta\+page.svelte,161,css,76c26561,Rodrigo Gallardo,2026-05-08,13:26:02,-04:00,2026-05-08T13:26:02-04:00,0,13
src\routes\meta\+page.svelte,162,css,76c26561,Rodrigo Gallardo,2026-05-08,13:26:02,-04:00,2026-05-08T13:26:02-04:00,0,37
src\routes\meta\+page.svelte,163,css,76c26561,Rodrigo Gallardo,2026-05-08,13:26:02,-04:00,2026-05-08T13:26:02-04:00,0,18
src\routes\meta\+page.svelte,164,css,76c26561,Rodrigo Gallardo,2026-05-08,13:26:02,-04:00,2026-05-08T13:26:02-04:00,0,10
src\routes\meta\+page.svelte,165,css,76c26561,Rodrigo Gallardo,2026-05-08,13:26:02,-04:00,2026-05-08T13:26:02-04:00,0,0
src\routes\meta\+page.svelte,166,css,76c26561,Rodrigo Gallardo,2026-05-08,13:26:02,-04:00,2026-05-08T13:26:02-04:00,0,87
src\routes\meta\+page.svelte,167,css,76c26561,Rodrigo Gallardo,2026-05-08,13:26:02,-04:00,2026-05-08T13:26:02-04:00,0,74
src\routes\meta\+page.svelte,168,css,76c26561,Rodrigo Gallardo,2026-05-08,13:26:02,-04:00,2026-05-08T13:26:02-04:00,0,8
src\routes\meta\+page.svelte,169,css,76c26561,Rodrigo Gallardo,2026-05-08,13:26:02,-04:00,2026-05-08T13:26:02-04:00,0,13
src\routes\meta\+page.svelte,170,css,76c26561,Rodrigo Gallardo,2026-05-08,13:26:02,-04:00,2026-05-08T13:26:02-04:00,0,31
src\routes\meta\+page.svelte,171,css,76c26561,Rodrigo Gallardo,2026-05-08,13:26:02,-04:00,2026-05-08T13:26:02-04:00,0,15
src\routes\meta\+page.svelte,172,css,76c26561,Rodrigo Gallardo,2026-05-08,13:26:02,-04:00,2026-05-08T13:26:02-04:00,0,17
src\routes\meta\+page.svelte,173,css,76c26561,Rodrigo Gallardo,2026-05-08,13:26:02,-04:00,2026-05-08T13:26:02-04:00,0,12
src\routes\meta\+page.svelte,174,css,76c26561,Rodrigo Gallardo,2026-05-08,13:26:02,-04:00,2026-05-08T13:26:02-04:00,0,20
src\routes\meta\+page.svelte,175,css,76c26561,Rodrigo Gallardo,2026-05-08,13:26:02,-04:00,2026-05-08T13:26:02-04:00,0,39
src\routes\meta\+page.svelte,176,css,76c26561,Rodrigo Gallardo,2026-05-08,13:26:02,-04:00,2026-05-08T13:26:02-04:00,0,15
src\routes\meta\+page.svelte,177,css,76c26561,Rodrigo Gallardo,2026-05-08,13:26:02,-04:00,2026-05-08T13:26:02-04:00,0,26
src\routes\meta\+page.svelte,178,css,76c26561,Rodrigo Gallardo,2026-05-08,13:26:02,-04:00,2026-05-08T13:26:02-04:00,0,40
src\routes\meta\+page.svelte,179,css,76c26561,Rodrigo Gallardo,2026-05-08,13:26:02,-04:00,2026-05-08T13:26:02-04:00,0,0
src\routes\meta\+page.svelte,180,css,76c26561,Rodrigo Gallardo,2026-05-08,13:26:02,-04:00,2026-05-08T13:26:02-04:00,0,43
src\routes\meta\+page.svelte,181,css,76c26561,Rodrigo Gallardo,2026-05-08,13:26:02,-04:00,2026-05-08T13:26:02-04:00,0,10
src\routes\meta\+page.svelte,182,css,76c26561,Rodrigo Gallardo,2026-05-08,13:26:02,-04:00,2026-05-08T13:26:02-04:00,0,18
src\routes\meta\+page.svelte,183,css,76c26561,Rodrigo Gallardo,2026-05-08,13:26:02,-04:00,2026-05-08T13:26:02-04:00,0,0
src\routes\meta\+page.svelte,184,css,76c26561,Rodrigo Gallardo,2026-05-08,13:26:02,-04:00,2026-05-08T13:26:02-04:00,0,45
src\routes\meta\+page.svelte,185,svelte,76c26561,Rodrigo Gallardo,2026-05-08,13:26:02,-04:00,2026-05-08T13:26:02-04:00,0,7
src\routes\contact\+page.svelte,1,svelte,926dfe4,Rodrigo Gallardo,2026-05-04,13:45:44,-04:00,2026-05-04T13:45:44-04:00,0,12
src\routes\contact\+page.svelte,2,svelte,f6c61a87,Rodrigo Gallardo,2026-05-04,13:58:26,-04:00,2026-05-04T13:58:26-04:00,1,40
src\routes\contact\+page.svelte,3,svelte,926dfe4,Rodrigo Gallardo,2026-05-04,13:45:44,-04:00,2026-05-04T13:45:44-04:00,0,13
src\routes\contact\+page.svelte,4,svelte,f6c61a87,Rodrigo Gallardo,2026-05-04,13:58:26,-04:00,2026-05-04T13:58:26-04:00,0,0
src\routes\contact\+page.svelte,5,svelte,f6c61a87,Rodrigo Gallardo,2026-05-04,13:58:26,-04:00,2026-05-04T13:58:26-04:00,0,27
src\routes\contact\+page.svelte,6,svelte,f6c61a87,Rodrigo Gallardo,2026-05-04,13:58:26,-04:00,2026-05-04T13:58:26-04:00,0,0
src\routes\contact\+page.svelte,7,svelte,f6c61a87,Rodrigo Gallardo,2026-05-04,13:58:26,-04:00,2026-05-04T13:58:26-04:00,0,25
src\routes\contact\+page.svelte,8,svelte,f6c61a87,Rodrigo Gallardo,2026-05-04,13:58:26,-04:00,2026-05-04T13:58:26-04:00,1,51
src\routes\contact\+page.svelte,9,svelte,f6c61a87,Rodrigo Gallardo,2026-05-04,13:58:26,-04:00,2026-05-04T13:58:26-04:00,2,6
src\routes\contact\+page.svelte,10,svelte,f6c61a87,Rodrigo Gallardo,2026-05-04,13:58:26,-04:00,2026-05-04T13:58:26-04:00,3,5
src\routes\contact\+page.svelte,11,svelte,f6c61a87,Rodrigo Gallardo,2026-05-04,13:58:26,-04:00,2026-05-04T13:58:26-04:00,3,32
src\routes\contact\+page.svelte,12,svelte,f6c61a87,Rodrigo Gallardo,2026-05-04,13:58:26,-04:00,2026-05-04T13:58:26-04:00,2,7
src\routes\contact\+page.svelte,13,svelte,f6c61a87,Rodrigo Gallardo,2026-05-04,13:58:26,-04:00,2026-05-04T13:58:26-04:00,0,0
src\routes\contact\+page.svelte,14,svelte,f6c61a87,Rodrigo Gallardo,2026-05-04,13:58:26,-04:00,2026-05-04T13:58:26-04:00,2,6
src\routes\contact\+page.svelte,15,svelte,f6c61a87,Rodrigo Gallardo,2026-05-04,13:58:26,-04:00,2026-05-04T13:58:26-04:00,3,7
src\routes\contact\+page.svelte,16,svelte,f6c61a87,Rodrigo Gallardo,2026-05-04,13:58:26,-04:00,2026-05-04T13:58:26-04:00,3,21
src\routes\contact\+page.svelte,17,svelte,f6c61a87,Rodrigo Gallardo,2026-05-04,13:58:26,-04:00,2026-05-04T13:58:26-04:00,2,7
src\routes\contact\+page.svelte,18,svelte,f6c61a87,Rodrigo Gallardo,2026-05-04,13:58:26,-04:00,2026-05-04T13:58:26-04:00,0,0
src\routes\contact\+page.svelte,19,svelte,f6c61a87,Rodrigo Gallardo,2026-05-04,13:58:26,-04:00,2026-05-04T13:58:26-04:00,2,6
src\routes\contact\+page.svelte,20,svelte,f6c61a87,Rodrigo Gallardo,2026-05-04,13:58:26,-04:00,2026-05-04T13:58:26-04:00,3,7
src\routes\contact\+page.svelte,21,svelte,f6c61a87,Rodrigo Gallardo,2026-05-04,13:58:26,-04:00,2026-05-04T13:58:26-04:00,3,32
src\routes\contact\+page.svelte,22,svelte,f6c61a87,Rodrigo Gallardo,2026-05-04,13:58:26,-04:00,2026-05-04T13:58:26-04:00,2,7
src\routes\contact\+page.svelte,23,svelte,f6c61a87,Rodrigo Gallardo,2026-05-04,13:58:26,-04:00,2026-05-04T13:58:26-04:00,0,0
src\routes\contact\+page.svelte,24,svelte,f6c61a87,Rodrigo Gallardo,2026-05-04,13:58:26,-04:00,2026-05-04T13:58:26-04:00,2,34
src\routes\contact\+page.svelte,25,svelte,f6c61a87,Rodrigo Gallardo,2026-05-04,13:58:26,-04:00,2026-05-04T13:58:26-04:00,1,6
src\routes\contact\+page.svelte,26,svelte,f6c61a87,Rodrigo Gallardo,2026-05-04,13:58:26,-04:00,2026-05-04T13:58:26-04:00,0,5
src\lib\ReadingItem.svelte,1,svelte,ecd173bd,Rodrigo Gallardo,2026-05-06,20:00:28,-04:00,2026-05-06T20:00:28-04:00,0,7
src\lib\ReadingItem.svelte,2,js,ecd173bd,Rodrigo Gallardo,2026-05-06,20:00:28,-04:00,2026-05-06T20:00:28-04:00,0,20
src\lib\ReadingItem.svelte,3,svelte,ecd173bd,Rodrigo Gallardo,2026-05-06,20:00:28,-04:00,2026-05-06T20:00:28-04:00,0,8
src\lib\ReadingItem.svelte,4,svelte,ecd173bd,Rodrigo Gallardo,2026-05-06,20:00:28,-04:00,2026-05-06T20:00:28-04:00,0,0
src\lib\ReadingItem.svelte,5,svelte,ecd173bd,Rodrigo Gallardo,2026-05-06,20:00:28,-04:00,2026-05-06T20:00:28-04:00,0,4
src\lib\ReadingItem.svelte,6,svelte,ecd173bd,Rodrigo Gallardo,2026-05-06,20:00:28,-04:00,2026-05-06T20:00:28-04:00,0,40
src\lib\ReadingItem.svelte,7,svelte,ecd173bd,Rodrigo Gallardo,2026-05-06,20:00:28,-04:00,2026-05-06T20:00:28-04:00,0,28
src\lib\ReadingItem.svelte,8,svelte,ecd173bd,Rodrigo Gallardo,2026-05-06,20:00:28,-04:00,2026-05-06T20:00:28-04:00,0,25
src\lib\ReadingItem.svelte,9,svelte,ecd173bd,Rodrigo Gallardo,2026-05-06,20:00:28,-04:00,2026-05-06T20:00:28-04:00,0,5
src\lib\ProjectNarrative.svelte,1,svelte,6e14c19b,Rodrigo Gallardo,2026-05-06,20:32:32,-04:00,2026-05-06T20:32:32-04:00,0,7
src\lib\ProjectNarrative.svelte,2,js,6e14c19b,Rodrigo Gallardo,2026-05-06,20:32:32,-04:00,2026-05-06T20:32:32-04:00,0,36
src\lib\ProjectNarrative.svelte,3,js,6e14c19b,Rodrigo Gallardo,2026-05-06,20:32:32,-04:00,2026-05-06T20:32:32-04:00,0,33
src\lib\ProjectNarrative.svelte,4,js,6e14c19b,Rodrigo Gallardo,2026-05-06,20:32:32,-04:00,2026-05-06T20:32:32-04:00,0,41
src\lib\ProjectNarrative.svelte,5,js,6e14c19b,Rodrigo Gallardo,2026-05-06,20:32:32,-04:00,2026-05-06T20:32:32-04:00,0,0
src\lib\ProjectNarrative.svelte,6,js,6e14c19b,Rodrigo Gallardo,2026-05-06,20:32:32,-04:00,2026-05-06T20:32:32-04:00,0,23
src\lib\ProjectNarrative.svelte,7,js,6e14c19b,Rodrigo Gallardo,2026-05-06,20:32:32,-04:00,2026-05-06T20:32:32-04:00,0,67
src\lib\ProjectNarrative.svelte,8,js,6e14c19b,Rodrigo Gallardo,2026-05-06,20:32:32,-04:00,2026-05-06T20:32:32-04:00,0,53
src\lib\ProjectNarrative.svelte,9,js,6e14c19b,Rodrigo Gallardo,2026-05-06,20:32:32,-04:00,2026-05-06T20:32:32-04:00,0,30
src\lib\ProjectNarrative.svelte,10,js,6e14c19b,Rodrigo Gallardo,2026-05-06,20:32:32,-04:00,2026-05-06T20:32:32-04:00,0,26
src\lib\ProjectNarrative.svelte,11,js,6e14c19b,Rodrigo Gallardo,2026-05-06,20:32:32,-04:00,2026-05-06T20:32:32-04:00,0,47
src\lib\ProjectNarrative.svelte,12,js,6e14c19b,Rodrigo Gallardo,2026-05-06,20:32:32,-04:00,2026-05-06T20:32:32-04:00,0,1
src\lib\ProjectNarrative.svelte,13,svelte,6e14c19b,Rodrigo Gallardo,2026-05-06,20:32:32,-04:00,2026-05-06T20:32:32-04:00,0,8
src\lib\ProjectNarrative.svelte,14,svelte,6e14c19b,Rodrigo Gallardo,2026-05-06,20:32:32,-04:00,2026-05-06T20:32:32-04:00,0,0
src\lib\ProjectNarrative.svelte,15,svelte,6e14c19b,Rodrigo Gallardo,2026-05-06,20:32:32,-04:00,2026-05-06T20:32:32-04:00,0,28
src\lib\ProjectNarrative.svelte,16,svelte,6e14c19b,Rodrigo Gallardo,2026-05-06,20:32:32,-04:00,2026-05-06T20:32:32-04:00,0,40
src\lib\ProjectNarrative.svelte,17,svelte,6e14c19b,Rodrigo Gallardo,2026-05-06,20:32:32,-04:00,2026-05-06T20:32:32-04:00,0,33
src\lib\ProjectNarrative.svelte,18,svelte,6e14c19b,Rodrigo Gallardo,2026-05-06,20:32:32,-04:00,2026-05-06T20:32:32-04:00,0,21
src\lib\ProjectNarrative.svelte,19,svelte,6e14c19b,Rodrigo Gallardo,2026-05-06,20:32:32,-04:00,2026-05-06T20:32:32-04:00,0,25
src\lib\ProjectNarrative.svelte,20,svelte,6e14c19b,Rodrigo Gallardo,2026-05-06,20:32:32,-04:00,2026-05-06T20:32:32-04:00,0,40
src\lib\ProjectNarrative.svelte,21,svelte,6e14c19b,Rodrigo Gallardo,2026-05-06,20:32:32,-04:00,2026-05-06T20:32:32-04:00,0,21
src\lib\ProjectNarrative.svelte,22,svelte,6e14c19b,Rodrigo Gallardo,2026-05-06,20:32:32,-04:00,2026-05-06T20:32:32-04:00,0,5
src\lib\ProjectNarrative.svelte,23,svelte,6e14c19b,Rodrigo Gallardo,2026-05-06,20:32:32,-04:00,2026-05-06T20:32:32-04:00,0,9
src\lib\ProjectNarrative.svelte,24,svelte,6e14c19b,Rodrigo Gallardo,2026-05-06,20:32:32,-04:00,2026-05-06T20:32:32-04:00,0,6
src\lib\ProjectNarrative.svelte,25,svelte,6e14c19b,Rodrigo Gallardo,2026-05-06,20:32:32,-04:00,2026-05-06T20:32:32-04:00,0,27
src\lib\ProjectNarrative.svelte,26,svelte,6e14c19b,Rodrigo Gallardo,2026-05-06,20:32:32,-04:00,2026-05-06T20:32:32-04:00,0,27
src\lib\ProjectNarrative.svelte,27,svelte,6e14c19b,Rodrigo Gallardo,2026-05-06,20:32:32,-04:00,2026-05-06T20:32:32-04:00,0,48
src\lib\ProjectNarrative.svelte,28,svelte,6e14c19b,Rodrigo Gallardo,2026-05-06,20:32:32,-04:00,2026-05-06T20:32:32-04:00,0,3
src\lib\ProjectNarrative.svelte,29,svelte,6e14c19b,Rodrigo Gallardo,2026-05-06,20:32:32,-04:00,2026-05-06T20:32:32-04:00,0,53
src\lib\ProjectNarrative.svelte,30,svelte,6e14c19b,Rodrigo Gallardo,2026-05-06,20:32:32,-04:00,2026-05-06T20:32:32-04:00,0,44
src\lib\ProjectNarrative.svelte,31,svelte,6e14c19b,Rodrigo Gallardo,2026-05-06,20:32:32,-04:00,2026-05-06T20:32:32-04:00,0,1
src\lib\ProjectNarrative.svelte,32,svelte,6e14c19b,Rodrigo Gallardo,2026-05-06,20:32:32,-04:00,2026-05-06T20:32:32-04:00,0,47
src\lib\ProjectNarrative.svelte,33,svelte,6e14c19b,Rodrigo Gallardo,2026-05-06,20:32:32,-04:00,2026-05-06T20:32:32-04:00,0,5
src\lib\ProjectNarrative.svelte,34,svelte,6e14c19b,Rodrigo Gallardo,2026-05-06,20:32:32,-04:00,2026-05-06T20:32:32-04:00,0,17
src\lib\ProjectNarrative.svelte,35,svelte,6e14c19b,Rodrigo Gallardo,2026-05-06,20:32:32,-04:00,2026-05-06T20:32:32-04:00,0,9
src\lib\ProjectNarrative.svelte,36,svelte,6e14c19b,Rodrigo Gallardo,2026-05-06,20:32:32,-04:00,2026-05-06T20:32:32-04:00,0,5
src\lib\ProjectNarrative.svelte,37,svelte,6e14c19b,Rodrigo Gallardo,2026-05-06,20:32:32,-04:00,2026-05-06T20:32:32-04:00,0,0
src\lib\ProjectNarrative.svelte,38,svelte,6e14c19b,Rodrigo Gallardo,2026-05-06,20:32:32,-04:00,2026-05-06T20:32:32-04:00,0,6
src\lib\ProjectNarrative.svelte,39,css,6e14c19b,Rodrigo Gallardo,2026-05-06,20:32:32,-04:00,2026-05-06T20:32:32-04:00,0,17
src\lib\ProjectNarrative.svelte,40,css,b0561b25,Rodrigo Gallardo,2026-05-06,23:32:07,-04:00,2026-05-06T23:32:07-04:00,0,22
src\lib\ProjectNarrative.svelte,41,css,6e14c19b,Rodrigo Gallardo,2026-05-06,20:32:32,-04:00,2026-05-06T20:32:32-04:00,0,18
src\lib\ProjectNarrative.svelte,42,css,6e14c19b,Rodrigo Gallardo,2026-05-06,20:32:32,-04:00,2026-05-06T20:32:32-04:00,0,9
src\lib\ProjectNarrative.svelte,43,css,6e14c19b,Rodrigo Gallardo,2026-05-06,20:32:32,-04:00,2026-05-06T20:32:32-04:00,0,27
src\lib\ProjectNarrative.svelte,44,css,6e14c19b,Rodrigo Gallardo,2026-05-06,20:32:32,-04:00,2026-05-06T20:32:32-04:00,0,0
src\lib\ProjectNarrative.svelte,45,css,b0561b25,Rodrigo Gallardo,2026-05-06,23:32:07,-04:00,2026-05-06T23:32:07-04:00,0,6
src\lib\ProjectNarrative.svelte,46,css,b0561b25,Rodrigo Gallardo,2026-05-06,23:32:07,-04:00,2026-05-06T23:32:07-04:00,0,16
src\lib\ProjectNarrative.svelte,47,css,b0561b25,Rodrigo Gallardo,2026-05-06,23:32:07,-04:00,2026-05-06T23:32:07-04:00,0,13
src\lib\ProjectNarrative.svelte,48,css,b0561b25,Rodrigo Gallardo,2026-05-06,23:32:07,-04:00,2026-05-06T23:32:07-04:00,0,0
src\lib\ProjectNarrative.svelte,49,css,6e14c19b,Rodrigo Gallardo,2026-05-06,20:32:32,-04:00,2026-05-06T20:32:32-04:00,0,14
src\lib\ProjectNarrative.svelte,50,css,6e14c19b,Rodrigo Gallardo,2026-05-06,20:32:32,-04:00,2026-05-06T20:32:32-04:00,0,53
src\lib\ProjectNarrative.svelte,51,css,6e14c19b,Rodrigo Gallardo,2026-05-06,20:32:32,-04:00,2026-05-06T20:32:32-04:00,0,20
src\lib\ProjectNarrative.svelte,52,css,6e14c19b,Rodrigo Gallardo,2026-05-06,20:32:32,-04:00,2026-05-06T20:32:32-04:00,0,30
src\lib\ProjectNarrative.svelte,53,css,6e14c19b,Rodrigo Gallardo,2026-05-06,20:32:32,-04:00,2026-05-06T20:32:32-04:00,0,32
src\lib\ProjectNarrative.svelte,54,css,6e14c19b,Rodrigo Gallardo,2026-05-06,20:32:32,-04:00,2026-05-06T20:32:32-04:00,0,39
src\lib\ProjectNarrative.svelte,55,css,6e14c19b,Rodrigo Gallardo,2026-05-06,20:32:32,-04:00,2026-05-06T20:32:32-04:00,0,0
src\lib\ProjectNarrative.svelte,56,css,6e14c19b,Rodrigo Gallardo,2026-05-06,20:32:32,-04:00,2026-05-06T20:32:32-04:00,0,58
src\lib\ProjectNarrative.svelte,57,css,6e14c19b,Rodrigo Gallardo,2026-05-06,20:32:32,-04:00,2026-05-06T20:32:32-04:00,0,47
src\lib\ProjectNarrative.svelte,58,css,b0561b25,Rodrigo Gallardo,2026-05-06,23:32:07,-04:00,2026-05-06T23:32:07-04:00,0,16
src\lib\ProjectNarrative.svelte,59,css,b0561b25,Rodrigo Gallardo,2026-05-06,23:32:07,-04:00,2026-05-06T23:32:07-04:00,0,13
src\lib\ProjectNarrative.svelte,60,css,b0561b25,Rodrigo Gallardo,2026-05-06,23:32:07,-04:00,2026-05-06T23:32:07-04:00,0,11
src\lib\ProjectNarrative.svelte,61,css,b0561b25,Rodrigo Gallardo,2026-05-06,23:32:07,-04:00,2026-05-06T23:32:07-04:00,0,18
src\lib\ProjectNarrative.svelte,62,css,b0561b25,Rodrigo Gallardo,2026-05-06,23:32:07,-04:00,2026-05-06T23:32:07-04:00,0,0
src\lib\ProjectNarrative.svelte,63,css,b0561b25,Rodrigo Gallardo,2026-05-06,23:32:07,-04:00,2026-05-06T23:32:07-04:00,0,20
src\lib\ProjectNarrative.svelte,64,css,b0561b25,Rodrigo Gallardo,2026-05-06,23:32:07,-04:00,2026-05-06T23:32:07-04:00,0,11
src\lib\ProjectNarrative.svelte,65,css,b0561b25,Rodrigo Gallardo,2026-05-06,23:32:07,-04:00,2026-05-06T23:32:07-04:00,0,17
src\lib\ProjectNarrative.svelte,66,css,b0561b25,Rodrigo Gallardo,2026-05-06,23:32:07,-04:00,2026-05-06T23:32:07-04:00,0,17
src\lib\ProjectNarrative.svelte,67,css,b0561b25,Rodrigo Gallardo,2026-05-06,23:32:07,-04:00,2026-05-06T23:32:07-04:00,0,21
src\lib\ProjectNarrative.svelte,68,css,b0561b25,Rodrigo Gallardo,2026-05-06,23:32:07,-04:00,2026-05-06T23:32:07-04:00,0,38
src\lib\ProjectNarrative.svelte,69,css,b0561b25,Rodrigo Gallardo,2026-05-06,23:32:07,-04:00,2026-05-06T23:32:07-04:00,0,0
src\lib\ProjectNarrative.svelte,70,css,b0561b25,Rodrigo Gallardo,2026-05-06,23:32:07,-04:00,2026-05-06T23:32:07-04:00,0,19
src\lib\ProjectNarrative.svelte,71,css,b0561b25,Rodrigo Gallardo,2026-05-06,23:32:07,-04:00,2026-05-06T23:32:07-04:00,0,15
src\lib\ProjectNarrative.svelte,72,css,b0561b25,Rodrigo Gallardo,2026-05-06,23:32:07,-04:00,2026-05-06T23:32:07-04:00,0,17
src\lib\ProjectNarrative.svelte,73,css,b0561b25,Rodrigo Gallardo,2026-05-06,23:32:07,-04:00,2026-05-06T23:32:07-04:00,0,21
src\lib\ProjectNarrative.svelte,74,css,b0561b25,Rodrigo Gallardo,2026-05-06,23:32:07,-04:00,2026-05-06T23:32:07-04:00,0,37
src\lib\ProjectNarrative.svelte,75,css,b0561b25,Rodrigo Gallardo,2026-05-06,23:32:07,-04:00,2026-05-06T23:32:07-04:00,0,0
src\lib\ProjectNarrative.svelte,76,svelte,6e14c19b,Rodrigo Gallardo,2026-05-06,20:32:32,-04:00,2026-05-06T20:32:32-04:00,0,7
src\lib\Project.svelte,1,svelte,ecd173bd,Rodrigo Gallardo,2026-05-06,20:00:28,-04:00,2026-05-06T20:00:28-04:00,0,7
src\lib\Project.svelte,2,js,ecd173bd,Rodrigo Gallardo,2026-05-06,20:00:28,-04:00,2026-05-06T20:00:28-04:00,0,33
src\lib\Project.svelte,3,js,ecd173bd,Rodrigo Gallardo,2026-05-06,20:00:28,-04:00,2026-05-06T20:00:28-04:00,0,20
src\lib\Project.svelte,4,svelte,ecd173bd,Rodrigo Gallardo,2026-05-06,20:00:28,-04:00,2026-05-06T20:00:28-04:00,0,8
src\lib\Project.svelte,5,svelte,ecd173bd,Rodrigo Gallardo,2026-05-06,20:00:28,-04:00,2026-05-06T20:00:28-04:00,0,0
src\lib\Project.svelte,6,svelte,ecd173bd,Rodrigo Gallardo,2026-05-06,20:00:28,-04:00,2026-05-06T20:00:28-04:00,0,8
src\lib\Project.svelte,7,svelte,ecd173bd,Rodrigo Gallardo,2026-05-06,20:00:28,-04:00,2026-05-06T20:00:28-04:00,0,20
src\lib\Project.svelte,8,svelte,2a4b83c1,Rodrigo Gallardo,2026-05-06,23:42:38,-04:00,2026-05-06T23:42:38-04:00,0,30
src\lib\Project.svelte,9,svelte,ecd173bd,Rodrigo Gallardo,2026-05-06,20:00:28,-04:00,2026-05-06T20:00:28-04:00,0,49
src\lib\Project.svelte,10,svelte,ecd173bd,Rodrigo Gallardo,2026-05-06,20:00:28,-04:00,2026-05-06T20:00:28-04:00,0,24
src\lib\Project.svelte,11,svelte,ecd173bd,Rodrigo Gallardo,2026-05-06,20:00:28,-04:00,2026-05-06T20:00:28-04:00,0,9
src\lib\Project.svelte,12,svelte,2a4b83c1,Rodrigo Gallardo,2026-05-06,23:42:38,-04:00,2026-05-06T23:42:38-04:00,0,0
src\lib\Project.svelte,13,svelte,2a4b83c1,Rodrigo Gallardo,2026-05-06,23:42:38,-04:00,2026-05-06T23:42:38-04:00,0,6
src\lib\Project.svelte,14,css,2a4b83c1,Rodrigo Gallardo,2026-05-06,23:42:38,-04:00,2026-05-06T23:42:38-04:00,0,59
src\lib\Project.svelte,15,svelte,2a4b83c1,Rodrigo Gallardo,2026-05-06,23:42:38,-04:00,2026-05-06T23:42:38-04:00,0,7
src\lib\BarHorizontal.svelte,1,svelte,2a4b83c1,Rodrigo Gallardo,2026-05-06,23:42:38,-04:00,2026-05-06T23:42:38-04:00,0,7
src\lib\BarHorizontal.svelte,2,js,2a4b83c1,Rodrigo Gallardo,2026-05-06,23:42:38,-04:00,2026-05-06T23:42:38-04:00,0,24
src\lib\BarHorizontal.svelte,3,js,2a4b83c1,Rodrigo Gallardo,2026-05-06,23:42:38,-04:00,2026-05-06T23:42:38-04:00,0,20
src\lib\BarHorizontal.svelte,4,js,76c26561,Rodrigo Gallardo,2026-05-08,13:26:02,-04:00,2026-05-08T13:26:02-04:00,0,46
src\lib\BarHorizontal.svelte,5,js,76c26561,Rodrigo Gallardo,2026-05-08,13:26:02,-04:00,2026-05-08T13:26:02-04:00,0,29
src\lib\BarHorizontal.svelte,6,js,76c26561,Rodrigo Gallardo,2026-05-08,13:26:02,-04:00,2026-05-08T13:26:02-04:00,0,58
src\lib\BarHorizontal.svelte,7,js,2a4b83c1,Rodrigo Gallardo,2026-05-06,23:42:38,-04:00,2026-05-06T23:42:38-04:00,0,51
src\lib\BarHorizontal.svelte,8,js,2a4b83c1,Rodrigo Gallardo,2026-05-06,23:42:38,-04:00,2026-05-06T23:42:38-04:00,0,53
src\lib\BarHorizontal.svelte,9,js,2a4b83c1,Rodrigo Gallardo,2026-05-06,23:42:38,-04:00,2026-05-06T23:42:38-04:00,0,16
src\lib\BarHorizontal.svelte,10,js,2a4b83c1,Rodrigo Gallardo,2026-05-06,23:42:38,-04:00,2026-05-06T23:42:38-04:00,0,94
src\lib\BarHorizontal.svelte,11,js,2a4b83c1,Rodrigo Gallardo,2026-05-06,23:42:38,-04:00,2026-05-06T23:42:38-04:00,0,96
src\lib\BarHorizontal.svelte,12,js,2a4b83c1,Rodrigo Gallardo,2026-05-06,23:42:38,-04:00,2026-05-06T23:42:38-04:00,0,82
src\lib\BarHorizontal.svelte,13,js,2a4b83c1,Rodrigo Gallardo,2026-05-06,23:42:38,-04:00,2026-05-06T23:42:38-04:00,0,43
src\lib\BarHorizontal.svelte,14,js,2a4b83c1,Rodrigo Gallardo,2026-05-06,23:42:38,-04:00,2026-05-06T23:42:38-04:00,0,23
src\lib\BarHorizontal.svelte,15,js,76c26561,Rodrigo Gallardo,2026-05-08,13:26:02,-04:00,2026-05-08T13:26:02-04:00,0,21
src\lib\BarHorizontal.svelte,16,js,76c26561,Rodrigo Gallardo,2026-05-08,13:26:02,-04:00,2026-05-08T13:26:02-04:00,0,74
src\lib\BarHorizontal.svelte,17,js,76c26561,Rodrigo Gallardo,2026-05-08,13:26:02,-04:00,2026-05-08T13:26:02-04:00,0,1
src\lib\BarHorizontal.svelte,18,js,2a4b83c1,Rodrigo Gallardo,2026-05-06,23:42:38,-04:00,2026-05-06T23:42:38-04:00,0,42
src\lib\BarHorizontal.svelte,19,js,2a4b83c1,Rodrigo Gallardo,2026-05-06,23:42:38,-04:00,2026-05-06T23:42:38-04:00,0,0
src\lib\BarHorizontal.svelte,20,svelte,2a4b83c1,Rodrigo Gallardo,2026-05-06,23:42:38,-04:00,2026-05-06T23:42:38-04:00,0,8
src\lib\BarHorizontal.svelte,21,svelte,2a4b83c1,Rodrigo Gallardo,2026-05-06,23:42:38,-04:00,2026-05-06T23:42:38-04:00,0,22
src\lib\BarHorizontal.svelte,22,svelte,2a4b83c1,Rodrigo Gallardo,2026-05-06,23:42:38,-04:00,2026-05-06T23:42:38-04:00,0,35
src\lib\BarHorizontal.svelte,23,svelte,76c26561,Rodrigo Gallardo,2026-05-08,13:26:02,-04:00,2026-05-08T13:26:02-04:00,0,112
src\lib\BarHorizontal.svelte,24,svelte,2a4b83c1,Rodrigo Gallardo,2026-05-06,23:42:38,-04:00,2026-05-06T23:42:38-04:00,0,87
src\lib\BarHorizontal.svelte,25,svelte,2a4b83c1,Rodrigo Gallardo,2026-05-06,23:42:38,-04:00,2026-05-06T23:42:38-04:00,0,73
src\lib\BarHorizontal.svelte,26,svelte,2a4b83c1,Rodrigo Gallardo,2026-05-06,23:42:38,-04:00,2026-05-06T23:42:38-04:00,0,53
src\lib\BarHorizontal.svelte,27,svelte,2a4b83c1,Rodrigo Gallardo,2026-05-06,23:42:38,-04:00,2026-05-06T23:42:38-04:00,0,16
src\lib\BarHorizontal.svelte,28,svelte,2a4b83c1,Rodrigo Gallardo,2026-05-06,23:42:38,-04:00,2026-05-06T23:42:38-04:00,0,112
src\lib\BarHorizontal.svelte,29,svelte,2a4b83c1,Rodrigo Gallardo,2026-05-06,23:42:38,-04:00,2026-05-06T23:42:38-04:00,0,6
src\lib\BarHorizontal.svelte,30,svelte,2a4b83c1,Rodrigo Gallardo,2026-05-06,23:42:38,-04:00,2026-05-06T23:42:38-04:00,0,11
src\lib\BarHorizontal.svelte,31,svelte,2a4b83c1,Rodrigo Gallardo,2026-05-06,23:42:38,-04:00,2026-05-06T23:42:38-04:00,0,146
src\lib\BarHorizontal.svelte,32,svelte,2a4b83c1,Rodrigo Gallardo,2026-05-06,23:42:38,-04:00,2026-05-06T23:42:38-04:00,0,205
src\lib\BarHorizontal.svelte,33,svelte,2a4b83c1,Rodrigo Gallardo,2026-05-06,23:42:38,-04:00,2026-05-06T23:42:38-04:00,0,148
src\lib\BarHorizontal.svelte,34,svelte,2a4b83c1,Rodrigo Gallardo,2026-05-06,23:42:38,-04:00,2026-05-06T23:42:38-04:00,0,4
src\lib\BarHorizontal.svelte,35,svelte,2a4b83c1,Rodrigo Gallardo,2026-05-06,23:42:38,-04:00,2026-05-06T23:42:38-04:00,0,121
src\lib\BarHorizontal.svelte,36,svelte,2a4b83c1,Rodrigo Gallardo,2026-05-06,23:42:38,-04:00,2026-05-06T23:42:38-04:00,0,129
src\lib\BarHorizontal.svelte,37,svelte,2a4b83c1,Rodrigo Gallardo,2026-05-06,23:42:38,-04:00,2026-05-06T23:42:38-04:00,0,3
src\lib\BarHorizontal.svelte,38,svelte,2a4b83c1,Rodrigo Gallardo,2026-05-06,23:42:38,-04:00,2026-05-06T23:42:38-04:00,0,5
src\lib\BarHorizontal.svelte,39,svelte,2a4b83c1,Rodrigo Gallardo,2026-05-06,23:42:38,-04:00,2026-05-06T23:42:38-04:00,0,18
src\lib\BarHorizontal.svelte,40,svelte,2a4b83c1,Rodrigo Gallardo,2026-05-06,23:42:38,-04:00,2026-05-06T23:42:38-04:00,0,16
src\lib\BarHorizontal.svelte,41,svelte,2a4b83c1,Rodrigo Gallardo,2026-05-06,23:42:38,-04:00,2026-05-06T23:42:38-04:00,0,105
src\lib\BarHorizontal.svelte,42,svelte,2a4b83c1,Rodrigo Gallardo,2026-05-06,23:42:38,-04:00,2026-05-06T23:42:38-04:00,0,6
src\lib\BarHorizontal.svelte,43,svelte,2a4b83c1,Rodrigo Gallardo,2026-05-06,23:42:38,-04:00,2026-05-06T23:42:38-04:00,0,4
src\lib\BarHorizontal.svelte,44,svelte,2a4b83c1,Rodrigo Gallardo,2026-05-06,23:42:38,-04:00,2026-05-06T23:42:38-04:00,0,5
src\lib\BarHorizontal.svelte,45,svelte,2a4b83c1,Rodrigo Gallardo,2026-05-06,23:42:38,-04:00,2026-05-06T23:42:38-04:00,0,6
src\lib\BarHorizontal.svelte,46,css,2a4b83c1,Rodrigo Gallardo,2026-05-06,23:42:38,-04:00,2026-05-06T23:42:38-04:00,0,56
src\lib\BarHorizontal.svelte,47,css,2a4b83c1,Rodrigo Gallardo,2026-05-06,23:42:38,-04:00,2026-05-06T23:42:38-04:00,0,64
src\lib\BarHorizontal.svelte,48,css,2a4b83c1,Rodrigo Gallardo,2026-05-06,23:42:38,-04:00,2026-05-06T23:42:38-04:00,0,103
src\lib\BarHorizontal.svelte,49,css,2a4b83c1,Rodrigo Gallardo,2026-05-06,23:42:38,-04:00,2026-05-06T23:42:38-04:00,0,82
src\lib\BarHorizontal.svelte,50,css,2a4b83c1,Rodrigo Gallardo,2026-05-06,23:42:38,-04:00,2026-05-06T23:42:38-04:00,0,128
src\lib\BarHorizontal.svelte,51,css,76c26561,Rodrigo Gallardo,2026-05-08,13:26:02,-04:00,2026-05-08T13:26:02-04:00,0,73
src\lib\BarHorizontal.svelte,52,css,76c26561,Rodrigo Gallardo,2026-05-08,13:26:02,-04:00,2026-05-08T13:26:02-04:00,0,52
src\lib\BarHorizontal.svelte,53,css,76c26561,Rodrigo Gallardo,2026-05-08,13:26:02,-04:00,2026-05-08T13:26:02-04:00,0,73
src\lib\BarHorizontal.svelte,54,svelte,2a4b83c1,Rodrigo Gallardo,2026-05-06,23:42:38,-04:00,2026-05-06T23:42:38-04:00,0,7
src\lib\Bar.svelte,1,svelte,2a4b83c1,Rodrigo Gallardo,2026-05-06,23:42:38,-04:00,2026-05-06T23:42:38-04:00,0,7
src\lib\Bar.svelte,2,js,2a4b83c1,Rodrigo Gallardo,2026-05-06,23:42:38,-04:00,2026-05-06T23:42:38-04:00,0,24
src\lib\Bar.svelte,3,js,2a4b83c1,Rodrigo Gallardo,2026-05-06,23:42:38,-04:00,2026-05-06T23:42:38-04:00,0,20
src\lib\Bar.svelte,4,js,2a4b83c1,Rodrigo Gallardo,2026-05-06,23:42:38,-04:00,2026-05-06T23:42:38-04:00,0,29
src\lib\Bar.svelte,5,js,2a4b83c1,Rodrigo Gallardo,2026-05-06,23:42:38,-04:00,2026-05-06T23:42:38-04:00,0,58
src\lib\Bar.svelte,6,js,2a4b83c1,Rodrigo Gallardo,2026-05-06,23:42:38,-04:00,2026-05-06T23:42:38-04:00,0,51
src\lib\Bar.svelte,7,js,2a4b83c1,Rodrigo Gallardo,2026-05-06,23:42:38,-04:00,2026-05-06T23:42:38-04:00,0,53
src\lib\Bar.svelte,8,js,2a4b83c1,Rodrigo Gallardo,2026-05-06,23:42:38,-04:00,2026-05-06T23:42:38-04:00,0,16
src\lib\Bar.svelte,9,js,2a4b83c1,Rodrigo Gallardo,2026-05-06,23:42:38,-04:00,2026-05-06T23:42:38-04:00,0,93
src\lib\Bar.svelte,10,js,2a4b83c1,Rodrigo Gallardo,2026-05-06,23:42:38,-04:00,2026-05-06T23:42:38-04:00,0,97
src\lib\Bar.svelte,11,js,2a4b83c1,Rodrigo Gallardo,2026-05-06,23:42:38,-04:00,2026-05-06T23:42:38-04:00,0,82
src\lib\Bar.svelte,12,js,2a4b83c1,Rodrigo Gallardo,2026-05-06,23:42:38,-04:00,2026-05-06T23:42:38-04:00,0,43
src\lib\Bar.svelte,13,js,2a4b83c1,Rodrigo Gallardo,2026-05-06,23:42:38,-04:00,2026-05-06T23:42:38-04:00,0,23
src\lib\Bar.svelte,14,js,2a4b83c1,Rodrigo Gallardo,2026-05-06,23:42:38,-04:00,2026-05-06T23:42:38-04:00,0,44
src\lib\Bar.svelte,15,js,2a4b83c1,Rodrigo Gallardo,2026-05-06,23:42:38,-04:00,2026-05-06T23:42:38-04:00,0,21
src\lib\Bar.svelte,16,js,2a4b83c1,Rodrigo Gallardo,2026-05-06,23:42:38,-04:00,2026-05-06T23:42:38-04:00,0,18
src\lib\Bar.svelte,17,js,2a4b83c1,Rodrigo Gallardo,2026-05-06,23:42:38,-04:00,2026-05-06T23:42:38-04:00,0,45
src\lib\Bar.svelte,18,js,2a4b83c1,Rodrigo Gallardo,2026-05-06,23:42:38,-04:00,2026-05-06T23:42:38-04:00,0,62
src\lib\Bar.svelte,19,js,2a4b83c1,Rodrigo Gallardo,2026-05-06,23:42:38,-04:00,2026-05-06T23:42:38-04:00,0,1
src\lib\Bar.svelte,20,js,2a4b83c1,Rodrigo Gallardo,2026-05-06,23:42:38,-04:00,2026-05-06T23:42:38-04:00,0,0
src\lib\Bar.svelte,21,svelte,2a4b83c1,Rodrigo Gallardo,2026-05-06,23:42:38,-04:00,2026-05-06T23:42:38-04:00,0,8
src\lib\Bar.svelte,22,svelte,2a4b83c1,Rodrigo Gallardo,2026-05-06,23:42:38,-04:00,2026-05-06T23:42:38-04:00,0,22
src\lib\Bar.svelte,23,svelte,2a4b83c1,Rodrigo Gallardo,2026-05-06,23:42:38,-04:00,2026-05-06T23:42:38-04:00,0,35
src\lib\Bar.svelte,24,svelte,2a4b83c1,Rodrigo Gallardo,2026-05-06,23:42:38,-04:00,2026-05-06T23:42:38-04:00,0,122
src\lib\Bar.svelte,25,svelte,2a4b83c1,Rodrigo Gallardo,2026-05-06,23:42:38,-04:00,2026-05-06T23:42:38-04:00,0,87
src\lib\Bar.svelte,26,svelte,2a4b83c1,Rodrigo Gallardo,2026-05-06,23:42:38,-04:00,2026-05-06T23:42:38-04:00,0,73
src\lib\Bar.svelte,27,svelte,2a4b83c1,Rodrigo Gallardo,2026-05-06,23:42:38,-04:00,2026-05-06T23:42:38-04:00,0,53
src\lib\Bar.svelte,28,svelte,2a4b83c1,Rodrigo Gallardo,2026-05-06,23:42:38,-04:00,2026-05-06T23:42:38-04:00,0,16
src\lib\Bar.svelte,29,svelte,2a4b83c1,Rodrigo Gallardo,2026-05-06,23:42:38,-04:00,2026-05-06T23:42:38-04:00,0,140
src\lib\Bar.svelte,30,svelte,2a4b83c1,Rodrigo Gallardo,2026-05-06,23:42:38,-04:00,2026-05-06T23:42:38-04:00,0,6
src\lib\Bar.svelte,31,svelte,2a4b83c1,Rodrigo Gallardo,2026-05-06,23:42:38,-04:00,2026-05-06T23:42:38-04:00,0,11
src\lib\Bar.svelte,32,svelte,2a4b83c1,Rodrigo Gallardo,2026-05-06,23:42:38,-04:00,2026-05-06T23:42:38-04:00,0,179
src\lib\Bar.svelte,33,svelte,2a4b83c1,Rodrigo Gallardo,2026-05-06,23:42:38,-04:00,2026-05-06T23:42:38-04:00,0,283
src\lib\Bar.svelte,34,svelte,2a4b83c1,Rodrigo Gallardo,2026-05-06,23:42:38,-04:00,2026-05-06T23:42:38-04:00,0,190
src\lib\Bar.svelte,35,svelte,2a4b83c1,Rodrigo Gallardo,2026-05-06,23:42:38,-04:00,2026-05-06T23:42:38-04:00,0,4
src\lib\Bar.svelte,36,svelte,2a4b83c1,Rodrigo Gallardo,2026-05-06,23:42:38,-04:00,2026-05-06T23:42:38-04:00,0,112
src\lib\Bar.svelte,37,svelte,2a4b83c1,Rodrigo Gallardo,2026-05-06,23:42:38,-04:00,2026-05-06T23:42:38-04:00,0,139
src\lib\Bar.svelte,38,svelte,2a4b83c1,Rodrigo Gallardo,2026-05-06,23:42:38,-04:00,2026-05-06T23:42:38-04:00,0,3
src\lib\Bar.svelte,39,svelte,2a4b83c1,Rodrigo Gallardo,2026-05-06,23:42:38,-04:00,2026-05-06T23:42:38-04:00,0,5
src\lib\Bar.svelte,40,svelte,2a4b83c1,Rodrigo Gallardo,2026-05-06,23:42:38,-04:00,2026-05-06T23:42:38-04:00,0,18
src\lib\Bar.svelte,41,svelte,2a4b83c1,Rodrigo Gallardo,2026-05-06,23:42:38,-04:00,2026-05-06T23:42:38-04:00,0,16
src\lib\Bar.svelte,42,svelte,2a4b83c1,Rodrigo Gallardo,2026-05-06,23:42:38,-04:00,2026-05-06T23:42:38-04:00,0,105
src\lib\Bar.svelte,43,svelte,2a4b83c1,Rodrigo Gallardo,2026-05-06,23:42:38,-04:00,2026-05-06T23:42:38-04:00,0,6
src\lib\Bar.svelte,44,svelte,2a4b83c1,Rodrigo Gallardo,2026-05-06,23:42:38,-04:00,2026-05-06T23:42:38-04:00,0,4
src\lib\Bar.svelte,45,svelte,2a4b83c1,Rodrigo Gallardo,2026-05-06,23:42:38,-04:00,2026-05-06T23:42:38-04:00,0,5
src\lib\Bar.svelte,46,svelte,2a4b83c1,Rodrigo Gallardo,2026-05-06,23:42:38,-04:00,2026-05-06T23:42:38-04:00,0,6
src\lib\Bar.svelte,47,css,2a4b83c1,Rodrigo Gallardo,2026-05-06,23:42:38,-04:00,2026-05-06T23:42:38-04:00,0,56
src\lib\Bar.svelte,48,css,2a4b83c1,Rodrigo Gallardo,2026-05-06,23:42:38,-04:00,2026-05-06T23:42:38-04:00,0,64
src\lib\Bar.svelte,49,css,2a4b83c1,Rodrigo Gallardo,2026-05-06,23:42:38,-04:00,2026-05-06T23:42:38-04:00,0,103
src\lib\Bar.svelte,50,css,2a4b83c1,Rodrigo Gallardo,2026-05-06,23:42:38,-04:00,2026-05-06T23:42:38-04:00,0,82
src\lib\Bar.svelte,51,css,2a4b83c1,Rodrigo Gallardo,2026-05-06,23:42:38,-04:00,2026-05-06T23:42:38-04:00,0,128
src\lib\Bar.svelte,52,css,2a4b83c1,Rodrigo Gallardo,2026-05-06,23:42:38,-04:00,2026-05-06T23:42:38-04:00,0,70
src\lib\Bar.svelte,53,css,2a4b83c1,Rodrigo Gallardo,2026-05-06,23:42:38,-04:00,2026-05-06T23:42:38-04:00,0,52
src\lib\Bar.svelte,54,css,2a4b83c1,Rodrigo Gallardo,2026-05-06,23:42:38,-04:00,2026-05-06T23:42:38-04:00,0,72
src\lib\Bar.svelte,55,svelte,2a4b83c1,Rodrigo Gallardo,2026-05-06,23:42:38,-04:00,2026-05-06T23:42:38-04:00,0,7
